unknown,resources_3e3a10f76148c5f2d4c1dc270ea2db66f13839be997e069c1e751ce8d3357f09,/,1595,fad9e2b657a29ce8c213625f3e294957
css,style.min.css,/wp-includes/blocks/navigation/style.min.css,16081,9a7d09a200c637f66b3e7ad0f9cf7f0c
php,xmlrpc.php,/xmlrpc.php,812,b5991b67054085abf788d3be85046fb7
php,index.php,/index.php,168150,38f9d6fad3fbd64c677be78c09f74852
unknown,resources_3e3a10f76148c5f2d4c1dc270ea2db66f13839be997e069c1e751ce8d3357f09,/,43310,629d7b948bd1e61cdd9062fec88f5db1
unknown,resources_3e3a10f76148c5f2d4c1dc270ea2db66f13839be997e069c1e751ce8d3357f09,/,61307,2d8aca27f99f2b41dff4673040c95d48
unknown,resources_3e3a10f76148c5f2d4c1dc270ea2db66f13839be997e069c1e751ce8d3357f09,/,1606,2279e019453e0092d759ee389bf7673f
js,view.min.js,/wp-includes/blocks/navigation/view.min.js,1136,8148e11032e3171ab693a8a587eabae8
unknown,resources_3e3a10f76148c5f2d4c1dc270ea2db66f13839be997e069c1e751ce8d3357f09,,49563,b44da2a658f8bbaa60040cdd69f3869a
unknown,resources_3e3a10f76148c5f2d4c1dc270ea2db66f13839be997e069c1e751ce8d3357f09,,167241,de031c7f9d769ec18985c4ede450e984
js,view-modal.min.js,/wp-includes/blocks/navigation/view-modal.min.js,7814,748ba9117d8c388ac78747c1566103f1
