ico,favicon.ico,/core/misc/favicon.ico,5430,cf2445dcb53a031c02f9b57e2199bc03
unknown,resources_633f8b44693fe1c893cce4090ad99f806aa14a3117f5796b1a3892c65bc8fcc4,/,8756,c2bdebd8e8ed3f94fe0b9ca12908bdee
svg,logo.svg,/core/themes/bartik/logo.svg,3810,d6f7e63121cf4d076ec8a9782b77e4d4
css,css_Z5jMg7P_bjcW9iUzujI7oaechMyxQTUqZhHJ_aYSq04.css,/sites/default/files/css/css_Z5jMg7P_bjcW9iUzujI7oaechMyxQTUqZhHJ_aYSq04.css,509,969019288afc81908e3222f1811d6f0c
xml,rss.xml,/rss.xml,292,2efda5cbbd989bde95bc1c88ff8dc399
unknown,resources_633f8b44693fe1c893cce4090ad99f806aa14a3117f5796b1a3892c65bc8fcc4,/contact,12656,884cc4ececaadba1ae21cde996dce4f0
unknown,resources_633f8b44693fe1c893cce4090ad99f806aa14a3117f5796b1a3892c65bc8fcc4,/,8756,c2bdebd8e8ed3f94fe0b9ca12908bdee
unknown,resources_633f8b44693fe1c893cce4090ad99f806aa14a3117f5796b1a3892c65bc8fcc4,/,8756,c2bdebd8e8ed3f94fe0b9ca12908bdee
css,css_pN_aNY_1eLt0WlUbmimNvK8eF4lkcIrV3SSIjBt5NlA.css,/sites/default/files/css/css_pN_aNY_1eLt0WlUbmimNvK8eF4lkcIrV3SSIjBt5NlA.css,9159,93572fa49b3ac10b884c5592363c3077
unknown,resources_633f8b44693fe1c893cce4090ad99f806aa14a3117f5796b1a3892c65bc8fcc4,/,8756,c2bdebd8e8ed3f94fe0b9ca12908bdee
unknown,resources_633f8b44693fe1c893cce4090ad99f806aa14a3117f5796b1a3892c65bc8fcc4,/,8756,c2bdebd8e8ed3f94fe0b9ca12908bdee
css,css_7bokDgM4q5HWKOoHQPGb4sHfgE0k47epGH29WsdKRQE.css,/sites/default/files/css/css_7bokDgM4q5HWKOoHQPGb4sHfgE0k47epGH29WsdKRQE.css,53642,acf7a082f196874a7745eef75117900d
unknown,resources_633f8b44693fe1c893cce4090ad99f806aa14a3117f5796b1a3892c65bc8fcc4,/,8756,c2bdebd8e8ed3f94fe0b9ca12908bdee
unknown,resources_633f8b44693fe1c893cce4090ad99f806aa14a3117f5796b1a3892c65bc8fcc4,/,8756,c2bdebd8e8ed3f94fe0b9ca12908bdee
unknown,resources_633f8b44693fe1c893cce4090ad99f806aa14a3117f5796b1a3892c65bc8fcc4,/user/login,11061,b01399b84270876250f8f2919220396e
unknown,resources_633f8b44693fe1c893cce4090ad99f806aa14a3117f5796b1a3892c65bc8fcc4,/,8756,c2bdebd8e8ed3f94fe0b9ca12908bdee
