unknown,resources_1d038d347eab69c754b2249c71b53d7923583ffd7ee930bede8c4808ace6a13e,/,53256,f460309328b75ffabe6a71b68c73d9fd
js,jquery-migrate.min.js,/wp-includes/js/jquery/jquery-migrate.min.js,10056,7121994eec5320fbe6586463bf9651c2
unknown,resources_1d038d347eab69c754b2249c71b53d7923583ffd7ee930bede8c4808ace6a13e,/,167241,27e049cd8f2379b2876084188e18c071
xml,wlwmanifest.xml,/wp-includes/wlwmanifest.xml,1045,dfd490b6f383ea02a269031ff05e8896
unknown,resources_1d038d347eab69c754b2249c71b53d7923583ffd7ee930bede8c4808ace6a13e,/,53256,ba0d27e3ce46a31442f00f4f00c0244f
unknown,resources_1d038d347eab69c754b2249c71b53d7923583ffd7ee930bede8c4808ace6a13e,/,57652,a01019926872165d3ef1b57d0412c847
unknown,resources_1d038d347eab69c754b2249c71b53d7923583ffd7ee930bede8c4808ace6a13e,,167241,bdddb676a2127130ab82c3d1adbd265c
unknown,resources_1d038d347eab69c754b2249c71b53d7923583ffd7ee930bede8c4808ace6a13e,/,1584,4ce82a37c1ca452fe26a856db3b28a4d
unknown,resources_1d038d347eab69c754b2249c71b53d7923583ffd7ee930bede8c4808ace6a13e,/,57652,d7cb8f435d1f4217893fab3ecfb556f5
unknown,resources_1d038d347eab69c754b2249c71b53d7923583ffd7ee930bede8c4808ace6a13e,/xfn/11,5842,e7a5e426b65fc6d58fcb3d43a414f01c
css,style.css,/wp-content/themes/twentyseventeen/style.css,83413,b63b1c3ce863f1cd2fb98aeceb17439e
unknown,resources_1d038d347eab69c754b2249c71b53d7923583ffd7ee930bede8c4808ace6a13e,/,1599,19ec8a72b7bbd3a9f9964368de8c2928
php,xmlrpc.php,/xmlrpc.php,838,2265a430cba4a6da864ad9075097c5d8
unknown,resources_1d038d347eab69c754b2249c71b53d7923583ffd7ee930bede8c4808ace6a13e,/,53256,37206557a5e45f3a45a877ce2e0845e3
jpg,header.jpg,/wp-content/themes/twentyseventeen/assets/images/header.jpg,114854,8030438c0c9b454bad3e94357cc28b51
unknown,resources_1d038d347eab69c754b2249c71b53d7923583ffd7ee930bede8c4808ace6a13e,/,53044,3a6597a572797d19aaa61b9f86e33e46
php,wp-login.php,/wp-login.php,2254,24ae0619aec5c23f1c6daa54e7111ce4
unknown,resources_1d038d347eab69c754b2249c71b53d7923583ffd7ee930bede8c4808ace6a13e,/css,1780,2e635a881f4f57564f7ad48f03e5de02
unknown,resources_1d038d347eab69c754b2249c71b53d7923583ffd7ee930bede8c4808ace6a13e,/,53256,eded1a72e581d0589a5eaf3961de6f30
js,global.js,/wp-content/themes/twentyseventeen/assets/js/global.js,7682,33e2c8ad1905b996e9026b408c2a6c6e
js,skip-link-focus-fix.js,/wp-content/themes/twentyseventeen/assets/js/skip-link-focus-fix.js,683,75abd4cd8807b312f9f7faeb77ee774b
js,jquery.js,/wp-includes/js/jquery/jquery.js,97184,8610f03fe77640dee8c4cc924e060f12
php,index.php,/index.php,53108,9a7bd9aca95565a7ae0435d94cc4e4ec
js,wp-embed.min.js,/wp-includes/js/wp-embed.min.js,1398,5a03f97cc479b9f5d7efdaccec31bc17
unknown,resources_1d038d347eab69c754b2249c71b53d7923583ffd7ee930bede8c4808ace6a13e,/,53252,830601cbdce65fc2bd1d80bcad558f90
js,jquery.scrollTo.js,/wp-content/themes/twentyseventeen/assets/js/jquery.scrollTo.js,5836,16fb1664ddebf663a909c51d40ad7914
