unknown,resources_cebe7784d7b73449e5a1f622c1595270623f93ee92da0a87c344be9976040c2c,/,25700,28e44a56f56f96187d3adad96ece30fd
css,print.css,/wp-content/themes/twentytwenty/print.css,2574,374837a28a67bfec747ebdddfbc7be5e
unknown,resources_cebe7784d7b73449e5a1f622c1595270623f93ee92da0a87c344be9976040c2c,/,30812,b7740c7eb60fda3672c85d760b0fc4ac
unknown,resources_cebe7784d7b73449e5a1f622c1595270623f93ee92da0a87c344be9976040c2c,/,167241,bdddb676a2127130ab82c3d1adbd265c
unknown,resources_cebe7784d7b73449e5a1f622c1595270623f93ee92da0a87c344be9976040c2c,/,26331,f70956a289f2bf6794ea03a6f37ce53e
php,index.php,/index.php,76341,7136f989757eec8886eda27eb0909fdc
unknown,resources_cebe7784d7b73449e5a1f622c1595270623f93ee92da0a87c344be9976040c2c,/,30812,b7740c7eb60fda3672c85d760b0fc4ac
unknown,resources_cebe7784d7b73449e5a1f622c1595270623f93ee92da0a87c344be9976040c2c,,167241,27e049cd8f2379b2876084188e18c071
js,index.js,/wp-content/themes/twentytwenty/assets/js/index.js,25570,4b82d512752156995169de4e35435d88
unknown,resources_cebe7784d7b73449e5a1f622c1595270623f93ee92da0a87c344be9976040c2c,/,25700,28e44a56f56f96187d3adad96ece30fd
unknown,resources_cebe7784d7b73449e5a1f622c1595270623f93ee92da0a87c344be9976040c2c,,25700,28e44a56f56f96187d3adad96ece30fd
unknown,resources_cebe7784d7b73449e5a1f622c1595270623f93ee92da0a87c344be9976040c2c,/,22674,e1cb33a527d5ab899022b83623a8fd8f
unknown,resources_cebe7784d7b73449e5a1f622c1595270623f93ee92da0a87c344be9976040c2c,/,25700,28e44a56f56f96187d3adad96ece30fd
unknown,resources_cebe7784d7b73449e5a1f622c1595270623f93ee92da0a87c344be9976040c2c,/,26038,a00ce41d722518a8b807fdda65d23e14
php,wp-login.php,/wp-login.php,6574,d02e4dc4aed009765366191dcefd4cdc
unknown,resources_cebe7784d7b73449e5a1f622c1595270623f93ee92da0a87c344be9976040c2c,/,26405,21a3696bb111a432b01663acfa3dc89f
js,wp-embed.min.js,/wp-includes/js/wp-embed.min.js,1434,8ed6038a5dbf62380de72a681340afd3
unknown,resources_cebe7784d7b73449e5a1f622c1595270623f93ee92da0a87c344be9976040c2c,/,1622,52ed2e509682d5064c2d694cc91190c5
unknown,resources_cebe7784d7b73449e5a1f622c1595270623f93ee92da0a87c344be9976040c2c,/,1625,b83e8544a1a71a284c133a28dbd311db
unknown,resources_cebe7784d7b73449e5a1f622c1595270623f93ee92da0a87c344be9976040c2c,/xfn/11,5842,e7a5e426b65fc6d58fcb3d43a414f01c
css,style.css,/wp-content/themes/twentytwenty/style.css,121061,59e45b185ce5352f2ce89c0cd498bbb3
php,xmlrpc.php,/xmlrpc.php,812,f8f9193fd485e0cd8a5da482ca9652df
xml,wlwmanifest.xml,/wp-includes/wlwmanifest.xml,1045,dfd490b6f383ea02a269031ff05e8896
css,style.min.css,/wp-includes/css/dist/block-library/style.min.css,53907,2e7e1d1c1d4d446a1b6b63295757d859
unknown,resources_cebe7784d7b73449e5a1f622c1595270623f93ee92da0a87c344be9976040c2c,/,30812,b7740c7eb60fda3672c85d760b0fc4ac
