php,xmlrpc.php,/xmlrpc.php,812,d03ec100a207387ce766dc68db63b7a1
css,style.min.css,/wp-includes/blocks/navigation/style.min.css,16384,248b1933d8fafcd0e9927fba349545c9
unknown,resources_24a97c754b1c46b9abea38d18336b57b13db0f9feb8a162b1ae5473ae100ac98,/,68353,f7bdfcaf9611ca11bd2a1b912374a617
php,index.php,/index.php,185582,ef5652907a8b9b2175b84b4823f65df4
unknown,resources_24a97c754b1c46b9abea38d18336b57b13db0f9feb8a162b1ae5473ae100ac98,/,1606,e611f4c9b2919dd2e15cc1d13c5e66f3
css,style.css,/wp-content/themes/twentytwentyfive/style.css,2503,1bc0c9b3cedd6852ce9453f5cc1d5a06
unknown,resources_24a97c754b1c46b9abea38d18336b57b13db0f9feb8a162b1ae5473ae100ac98,,49683,5bfb5973d861201cecb466f809381343
js,view.min.js,/wp-includes/js/dist/script-modules/block-library/navigation/view.min.js,3300,1dd354b759c9108102c93d8bae0573a1
unknown,resources_24a97c754b1c46b9abea38d18336b57b13db0f9feb8a162b1ae5473ae100ac98,/,1601,c6754c7bd5bbe5950c9710df665a0946
unknown,resources_24a97c754b1c46b9abea38d18336b57b13db0f9feb8a162b1ae5473ae100ac98,/,48795,6af6004a1a54e01ee6b190ffeeef8635
unknown,resources_24a97c754b1c46b9abea38d18336b57b13db0f9feb8a162b1ae5473ae100ac98,/,49683,5bfb5973d861201cecb466f809381343
unknown,resources_24a97c754b1c46b9abea38d18336b57b13db0f9feb8a162b1ae5473ae100ac98,,167241,de031c7f9d769ec18985c4ede450e984
js,index.min.js,/wp-includes/js/dist/script-modules/interactivity/index.min.js,36695,699d164bf406a271a0eb0dcc25186fec
