js,jquery-migrate.min.js,/media/jui/js/jquery-migrate.min.js,10056,7121994eec5320fbe6586463bf9651c2
php,index.php,/index.php,582,5b726f74c1b62b934410c1c642a3b921
js,caption.js,/media/system/js/caption.js,491,27e0e11b572de3bc44be960d25d65570
js,jquery.min.js,/media/jui/js/jquery.min.js,97163,4f252523d4af0b478c810c2547a63e19
unknown,resources_306dfb8681a693c3c099247e85048cab5f5392e4b9e7daa2f1bc1aeb8e399b4b,/,6372,feeace8d83f2ee441f6c3eac8f4044e7
js,bootstrap.min.js,/media/jui/js/bootstrap.min.js,29156,94935933a620fef61d4b0c15c664f8b3
css,template.css,/templates/protostar/css/template.css,163973,53cd02079b4d78c8d560cbe67a823ab3
php,index.php,/index.php,6393,61177580432661e4f2116b2c3ec457da
js,core.js,/media/system/js/core.js,7698,964b91d692e4e1d7121090b3ef4fff80
ico,favicon.ico,/templates/protostar/favicon.ico,2019,1194d7d32448e1f90741a97b42af91fa
unknown,resources_306dfb8681a693c3c099247e85048cab5f5392e4b9e7daa2f1bc1aeb8e399b4b,/css,246,ab6092d17dee6068f8d7b6f332869039
unknown,resources_306dfb8681a693c3c099247e85048cab5f5392e4b9e7daa2f1bc1aeb8e399b4b,/,6372,6c79ac83801461b7a436140ba3006d38
