css,css_Z5jMg7P_bjcW9iUzujI7oaechMyxQTUqZhHJ_aYSq04.css,/sites/default/files/css/css_Z5jMg7P_bjcW9iUzujI7oaechMyxQTUqZhHJ_aYSq04.css,509,969019288afc81908e3222f1811d6f0c
ico,favicon.ico,/core/misc/favicon.ico,5430,cf2445dcb53a031c02f9b57e2199bc03
xml,rss.xml,/rss.xml,306,996fbae80107a8ef29c014a76c4f66a8
unknown,resources_ebed2a98539014fe9d0589303227f670c3fb2b66ad9338d1de92a70c460257bb,/,8479,9e4676ea7e03694745cb13dc950369ca
svg,logo.svg,/core/themes/bartik/logo.svg,3810,d6f7e63121cf4d076ec8a9782b77e4d4
unknown,resources_ebed2a98539014fe9d0589303227f670c3fb2b66ad9338d1de92a70c460257bb,/,8479,9e4676ea7e03694745cb13dc950369ca
unknown,resources_ebed2a98539014fe9d0589303227f670c3fb2b66ad9338d1de92a70c460257bb,/contact,11997,c458fa7e0231eea624cb2e7835ed332c
unknown,resources_ebed2a98539014fe9d0589303227f670c3fb2b66ad9338d1de92a70c460257bb,/,8479,9e4676ea7e03694745cb13dc950369ca
unknown,resources_ebed2a98539014fe9d0589303227f670c3fb2b66ad9338d1de92a70c460257bb,/,8479,9e4676ea7e03694745cb13dc950369ca
unknown,resources_ebed2a98539014fe9d0589303227f670c3fb2b66ad9338d1de92a70c460257bb,/,8479,9e4676ea7e03694745cb13dc950369ca
css,css_db780UW6-dY2InBFRhzfTqDRI5ukd_X9A_JuOqOPHX4.css,/sites/default/files/css/css_db780UW6-dY2InBFRhzfTqDRI5ukd_X9A_JuOqOPHX4.css,51688,a79b11223b9ca6a43c9a411182fb82fb
unknown,resources_ebed2a98539014fe9d0589303227f670c3fb2b66ad9338d1de92a70c460257bb,/,8479,9e4676ea7e03694745cb13dc950369ca
css,css_3lBjB9LxWGvT5F_MnCGazkuov6eT9QNhKr0hGqtNWTk.css,/sites/default/files/css/css_3lBjB9LxWGvT5F_MnCGazkuov6eT9QNhKr0hGqtNWTk.css,9029,52c97059efbbf12550a2c4120df1944d
unknown,resources_ebed2a98539014fe9d0589303227f670c3fb2b66ad9338d1de92a70c460257bb,/,8479,9e4676ea7e03694745cb13dc950369ca
unknown,resources_ebed2a98539014fe9d0589303227f670c3fb2b66ad9338d1de92a70c460257bb,/user/login,10904,a88d6d3c8aab3482f657c4150196d6e1
unknown,resources_ebed2a98539014fe9d0589303227f670c3fb2b66ad9338d1de92a70c460257bb,/,8479,9e4676ea7e03694745cb13dc950369ca
