css,css_QVAG5D3Tjgmzc55dRjVpYlhI02sBiqX5b0VAkKLpSGg.css,/sites/default/files/css/css_QVAG5D3Tjgmzc55dRjVpYlhI02sBiqX5b0VAkKLpSGg.css,54803,ddbdfdf5e7cf8090a7d1afd435043c34
css,css_v18WUm75dSk_A-DeLZcRjivGVxxUXl9PCwLE_JJpyIk.css,/sites/default/files/css/css_v18WUm75dSk_A-DeLZcRjivGVxxUXl9PCwLE_JJpyIk.css,9029,f44fefced44b220298aaf7eec0c2ff1c
unknown,resources_3334680f8816f067a3355a908d89139d622026302424d77ea69fefeacdcc1d73,/,8612,c484e0658ec2ae36d983ce11d7f5b1ec
svg,logo.svg,/core/themes/bartik/logo.svg,3810,d6f7e63121cf4d076ec8a9782b77e4d4
css,css_Z5jMg7P_bjcW9iUzujI7oaechMyxQTUqZhHJ_aYSq04.css,/sites/default/files/css/css_Z5jMg7P_bjcW9iUzujI7oaechMyxQTUqZhHJ_aYSq04.css,509,969019288afc81908e3222f1811d6f0c
unknown,resources_3334680f8816f067a3355a908d89139d622026302424d77ea69fefeacdcc1d73,/,8612,c484e0658ec2ae36d983ce11d7f5b1ec
unknown,resources_3334680f8816f067a3355a908d89139d622026302424d77ea69fefeacdcc1d73,/contact,12512,bd29dae8b7caa5787568d818da8ea3e0
unknown,resources_3334680f8816f067a3355a908d89139d622026302424d77ea69fefeacdcc1d73,/,8612,c484e0658ec2ae36d983ce11d7f5b1ec
unknown,resources_3334680f8816f067a3355a908d89139d622026302424d77ea69fefeacdcc1d73,/,8612,c484e0658ec2ae36d983ce11d7f5b1ec
xml,rss.xml,/rss.xml,292,b835baf232be6ebdfc099aa2115d9bc8
unknown,resources_3334680f8816f067a3355a908d89139d622026302424d77ea69fefeacdcc1d73,/,8612,c484e0658ec2ae36d983ce11d7f5b1ec
unknown,resources_3334680f8816f067a3355a908d89139d622026302424d77ea69fefeacdcc1d73,/,8612,c484e0658ec2ae36d983ce11d7f5b1ec
ico,favicon.ico,/core/themes/bartik/favicon.ico,5430,cf2445dcb53a031c02f9b57e2199bc03
unknown,resources_3334680f8816f067a3355a908d89139d622026302424d77ea69fefeacdcc1d73,/,8612,c484e0658ec2ae36d983ce11d7f5b1ec
unknown,resources_3334680f8816f067a3355a908d89139d622026302424d77ea69fefeacdcc1d73,/user/login,10917,ba5fe041663d5a70a881e9be2c9b3098
unknown,resources_3334680f8816f067a3355a908d89139d622026302424d77ea69fefeacdcc1d73,/,8612,c484e0658ec2ae36d983ce11d7f5b1ec
