css,nav-primary-no-js.css,/core/themes/olivero/css/components/navigation/nav-primary-no-js.css,5765,4ad41a2d8548ba1ec2a39af4b35571e9
woff2,Metropolis-SemiBold.woff2,/core/themes/olivero/fonts/metropolis/Metropolis-SemiBold.woff2,26564,10f01a9f175be51d3ec7789947142cc3
xml,rss.xml,/rss.xml,292,74920b13aaa4a615bbde41522f13a1d7
woff2,Metropolis-Regular.woff2,/core/themes/olivero/fonts/metropolis/Metropolis-Regular.woff2,16388,4a405762789758475f736592772ebfd1
js,js_5RoIl1UGyduZ9F9FxiVZRROprn8Rg9zYlXNVO50L62s.js,/sites/default/files/js/js_5RoIl1UGyduZ9F9FxiVZRROprn8Rg9zYlXNVO50L62s.js,35457,84ab9a56a4cd3c7e613fc7999ee6a407
css,css_gPYZsQaPE-kCIIJkBktDwAYYrIbHdaEGZLcGweNvZBI.css,/sites/default/files/css/css_gPYZsQaPE-kCIIJkBktDwAYYrIbHdaEGZLcGweNvZBI.css,126171,7a4dbd7ac52d3e31e885ec119c00353a
unknown,resources_bbc3affb533a72d630442ce3e9ddc6abb67d69cfc05d83711288c87f7ef1a6f9,/,16171,9e015837b52ebd72dbc3722296a07abb
ico,favicon.ico,/core/themes/olivero/favicon.ico,4286,7cc554c336188af9c77e56e709a08f01
css,css_MT0D1GjOSbnKTUNXXsPJt0G9ZqK4uFyjcxH07I-DspQ.css,/sites/default/files/css/css_MT0D1GjOSbnKTUNXXsPJt0G9ZqK4uFyjcxH07I-DspQ.css,10989,df11c643780fb1ad6871a37390dbf4b1
unknown,resources_bbc3affb533a72d630442ce3e9ddc6abb67d69cfc05d83711288c87f7ef1a6f9,/,16171,9e015837b52ebd72dbc3722296a07abb
unknown,resources_bbc3affb533a72d630442ce3e9ddc6abb67d69cfc05d83711288c87f7ef1a6f9,/,164227,953c5d3fdd9e20812eaa7f3eae119bdc
woff2,lora-v14-latin-regular.woff2,/core/themes/olivero/fonts/lora/lora-v14-latin-regular.woff2,24552,e4cdb14bf148f2846997a6be7ba648bd
xml,rss.xml,/rss.xml,292,74920b13aaa4a615bbde41522f13a1d7
woff2,Metropolis-Bold.woff2,/core/themes/olivero/fonts/metropolis/Metropolis-Bold.woff2,16728,6a80125e795aa81c6f251aa83e44062b
unknown,resources_bbc3affb533a72d630442ce3e9ddc6abb67d69cfc05d83711288c87f7ef1a6f9,/user/login,17455,ffd787d54a92adc0d73540604bf49002
