ico,favicon.ico,/core/misc/favicon.ico,5430,cf2445dcb53a031c02f9b57e2199bc03
unknown,resources_909aadba54dcb633e742944db2e6c1c6018d2dd20bfd023d738cac67a92c5900,/,8777,c690dc8dc33bc6310f2d95b25a0746d9
svg,logo.svg,/core/themes/bartik/logo.svg,3810,d6f7e63121cf4d076ec8a9782b77e4d4
css,css_Z5jMg7P_bjcW9iUzujI7oaechMyxQTUqZhHJ_aYSq04.css,/sites/default/files/css/css_Z5jMg7P_bjcW9iUzujI7oaechMyxQTUqZhHJ_aYSq04.css,509,969019288afc81908e3222f1811d6f0c
unknown,resources_909aadba54dcb633e742944db2e6c1c6018d2dd20bfd023d738cac67a92c5900,/,8777,c690dc8dc33bc6310f2d95b25a0746d9
unknown,resources_909aadba54dcb633e742944db2e6c1c6018d2dd20bfd023d738cac67a92c5900,/contact,12677,6d78e557fa405b50592e59596af8a471
unknown,resources_909aadba54dcb633e742944db2e6c1c6018d2dd20bfd023d738cac67a92c5900,/,8777,c690dc8dc33bc6310f2d95b25a0746d9
css,css_pN_aNY_1eLt0WlUbmimNvK8eF4lkcIrV3SSIjBt5NlA.css,/sites/default/files/css/css_pN_aNY_1eLt0WlUbmimNvK8eF4lkcIrV3SSIjBt5NlA.css,9159,93572fa49b3ac10b884c5592363c3077
unknown,resources_909aadba54dcb633e742944db2e6c1c6018d2dd20bfd023d738cac67a92c5900,/,8777,c690dc8dc33bc6310f2d95b25a0746d9
unknown,resources_909aadba54dcb633e742944db2e6c1c6018d2dd20bfd023d738cac67a92c5900,/,8777,c690dc8dc33bc6310f2d95b25a0746d9
css,css_7bokDgM4q5HWKOoHQPGb4sHfgE0k47epGH29WsdKRQE.css,/sites/default/files/css/css_7bokDgM4q5HWKOoHQPGb4sHfgE0k47epGH29WsdKRQE.css,53642,acf7a082f196874a7745eef75117900d
unknown,resources_909aadba54dcb633e742944db2e6c1c6018d2dd20bfd023d738cac67a92c5900,/,8777,c690dc8dc33bc6310f2d95b25a0746d9
unknown,resources_909aadba54dcb633e742944db2e6c1c6018d2dd20bfd023d738cac67a92c5900,/,8777,c690dc8dc33bc6310f2d95b25a0746d9
unknown,resources_909aadba54dcb633e742944db2e6c1c6018d2dd20bfd023d738cac67a92c5900,/user/login,11082,e7538104df0c3536f733291b504679ae
unknown,resources_909aadba54dcb633e742944db2e6c1c6018d2dd20bfd023d738cac67a92c5900,/,8777,c690dc8dc33bc6310f2d95b25a0746d9
xml,rss.xml,/rss.xml,292,ebc6ec384101725c3f6b4991e347fafb
