svg,logo.svg,/media/templates/site/cassiopeia/images/logo.svg,1731,4f7b092f38323ac84d7918c02365ddb8
svg,joomla-favicon.svg,/media/system/images/joomla-favicon.svg,1488,1b6942e22443109daea739524ab74123
js,template.min.js,/media/templates/site/cassiopeia/js/template.min.js,1087,39e1a85373974f7bb834cfc748fefef8
php,index.php,/index.php,583,e101fed5c04b4bcf7a08e875d5797a17
js,core.min.js,/media/system/js/core.min.js,7888,e20992529fb2ef9afb8bc0a6f96782a8
ico,favicon.ico,/media/system/images/favicon.ico,2019,1194d7d32448e1f90741a97b42af91fa
