xml,rss.xml,/rss.xml,292,28b73cf7e3d8d8c98e806942854785b4
css,css_QVAG5D3Tjgmzc55dRjVpYlhI02sBiqX5b0VAkKLpSGg.css,/sites/default/files/css/css_QVAG5D3Tjgmzc55dRjVpYlhI02sBiqX5b0VAkKLpSGg.css,54803,ddbdfdf5e7cf8090a7d1afd435043c34
css,css_v18WUm75dSk_A-DeLZcRjivGVxxUXl9PCwLE_JJpyIk.css,/sites/default/files/css/css_v18WUm75dSk_A-DeLZcRjivGVxxUXl9PCwLE_JJpyIk.css,9029,f44fefced44b220298aaf7eec0c2ff1c
unknown,resources_129b72e5573a747a6e6453971e6c083c27bee40598ea62935e3cc6c8fd57aa20,/,8612,8a1dbbfd24fe06ec563efb5d1898c3cd
svg,logo.svg,/core/themes/bartik/logo.svg,3810,d6f7e63121cf4d076ec8a9782b77e4d4
css,css_Z5jMg7P_bjcW9iUzujI7oaechMyxQTUqZhHJ_aYSq04.css,/sites/default/files/css/css_Z5jMg7P_bjcW9iUzujI7oaechMyxQTUqZhHJ_aYSq04.css,509,969019288afc81908e3222f1811d6f0c
unknown,resources_129b72e5573a747a6e6453971e6c083c27bee40598ea62935e3cc6c8fd57aa20,/,8612,8a1dbbfd24fe06ec563efb5d1898c3cd
unknown,resources_129b72e5573a747a6e6453971e6c083c27bee40598ea62935e3cc6c8fd57aa20,/contact,12512,99fdfaf8c0e456aa9528dcb7e967c17e
unknown,resources_129b72e5573a747a6e6453971e6c083c27bee40598ea62935e3cc6c8fd57aa20,/,8612,8a1dbbfd24fe06ec563efb5d1898c3cd
unknown,resources_129b72e5573a747a6e6453971e6c083c27bee40598ea62935e3cc6c8fd57aa20,/,8612,8a1dbbfd24fe06ec563efb5d1898c3cd
unknown,resources_129b72e5573a747a6e6453971e6c083c27bee40598ea62935e3cc6c8fd57aa20,/,8612,8a1dbbfd24fe06ec563efb5d1898c3cd
unknown,resources_129b72e5573a747a6e6453971e6c083c27bee40598ea62935e3cc6c8fd57aa20,/,8612,8a1dbbfd24fe06ec563efb5d1898c3cd
ico,favicon.ico,/core/themes/bartik/favicon.ico,5430,cf2445dcb53a031c02f9b57e2199bc03
unknown,resources_129b72e5573a747a6e6453971e6c083c27bee40598ea62935e3cc6c8fd57aa20,/,8612,8a1dbbfd24fe06ec563efb5d1898c3cd
unknown,resources_129b72e5573a747a6e6453971e6c083c27bee40598ea62935e3cc6c8fd57aa20,/user/login,10916,55707cb38b2b626335b0093d6eb651ed
unknown,resources_129b72e5573a747a6e6453971e6c083c27bee40598ea62935e3cc6c8fd57aa20,/,8612,8a1dbbfd24fe06ec563efb5d1898c3cd
