css,css_Z5jMg7P_bjcW9iUzujI7oaechMyxQTUqZhHJ_aYSq04.css,/sites/default/files/css/css_Z5jMg7P_bjcW9iUzujI7oaechMyxQTUqZhHJ_aYSq04.css,509,969019288afc81908e3222f1811d6f0c
ico,favicon.ico,/core/misc/favicon.ico,5430,cf2445dcb53a031c02f9b57e2199bc03
unknown,resources_3f35cae003fadfcc47c0acc438a2f6d6a85a80c815bfc3fa012d18d0e2c2c2aa,/,8502,bb05a6dd41db08316346fea2555a7376
svg,logo.svg,/core/themes/bartik/logo.svg,3810,d6f7e63121cf4d076ec8a9782b77e4d4
unknown,resources_3f35cae003fadfcc47c0acc438a2f6d6a85a80c815bfc3fa012d18d0e2c2c2aa,/contact,11985,759b9133bfcb2866e7b5bf193453c5c0
unknown,resources_3f35cae003fadfcc47c0acc438a2f6d6a85a80c815bfc3fa012d18d0e2c2c2aa,/,8502,bb05a6dd41db08316346fea2555a7376
unknown,resources_3f35cae003fadfcc47c0acc438a2f6d6a85a80c815bfc3fa012d18d0e2c2c2aa,/,8502,bb05a6dd41db08316346fea2555a7376
unknown,resources_3f35cae003fadfcc47c0acc438a2f6d6a85a80c815bfc3fa012d18d0e2c2c2aa,/,8502,bb05a6dd41db08316346fea2555a7376
unknown,resources_3f35cae003fadfcc47c0acc438a2f6d6a85a80c815bfc3fa012d18d0e2c2c2aa,/,8502,bb05a6dd41db08316346fea2555a7376
unknown,resources_3f35cae003fadfcc47c0acc438a2f6d6a85a80c815bfc3fa012d18d0e2c2c2aa,/,8502,bb05a6dd41db08316346fea2555a7376
unknown,resources_3f35cae003fadfcc47c0acc438a2f6d6a85a80c815bfc3fa012d18d0e2c2c2aa,/,8502,bb05a6dd41db08316346fea2555a7376
css,css_zK72-b6vfmaWB0-rJ1kPTuIMeQ1GMmhvuabgTvTgalg.css,/sites/default/files/css/css_zK72-b6vfmaWB0-rJ1kPTuIMeQ1GMmhvuabgTvTgalg.css,7821,885356afc1fbd1f314a1de024fccf3fa
xml,rss.xml,/rss.xml,320,5b90f0cd47161ea4fba5a10a8d97b899
css,css_tLRq0GlT6Z8C8Zz4LX0AGo95PZtZiO1GKtqFknqlfIk.css,/sites/default/files/css/css_tLRq0GlT6Z8C8Zz4LX0AGo95PZtZiO1GKtqFknqlfIk.css,51944,3e6b61a8b2a9fbe1a11124e80d6ee5f5
unknown,resources_3f35cae003fadfcc47c0acc438a2f6d6a85a80c815bfc3fa012d18d0e2c2c2aa,/user/login,10927,25e9936db92bb0487453a3fa30f2bcbf
unknown,resources_3f35cae003fadfcc47c0acc438a2f6d6a85a80c815bfc3fa012d18d0e2c2c2aa,/,8502,bb05a6dd41db08316346fea2555a7376
