css,css_Z5jMg7P_bjcW9iUzujI7oaechMyxQTUqZhHJ_aYSq04.css,/sites/default/files/css/css_Z5jMg7P_bjcW9iUzujI7oaechMyxQTUqZhHJ_aYSq04.css,509,969019288afc81908e3222f1811d6f0c
ico,favicon.ico,/core/misc/favicon.ico,5430,cf2445dcb53a031c02f9b57e2199bc03
unknown,resources_a83b495e73001d3810d8c190a5f39e806a1f1a21db3749bb0c7266cfce4317b1,/,8482,ab5b185400b4f399453768432d28e450
svg,logo.svg,/core/themes/bartik/logo.svg,3810,d6f7e63121cf4d076ec8a9782b77e4d4
xml,rss.xml,/rss.xml,306,597bda53dd5356e595226a82a898a86c
unknown,resources_a83b495e73001d3810d8c190a5f39e806a1f1a21db3749bb0c7266cfce4317b1,/,8482,ab5b185400b4f399453768432d28e450
unknown,resources_a83b495e73001d3810d8c190a5f39e806a1f1a21db3749bb0c7266cfce4317b1,/contact,12000,c49025966923e2bed943b001f128085f
unknown,resources_a83b495e73001d3810d8c190a5f39e806a1f1a21db3749bb0c7266cfce4317b1,/,8482,ab5b185400b4f399453768432d28e450
unknown,resources_a83b495e73001d3810d8c190a5f39e806a1f1a21db3749bb0c7266cfce4317b1,/,8482,ab5b185400b4f399453768432d28e450
unknown,resources_a83b495e73001d3810d8c190a5f39e806a1f1a21db3749bb0c7266cfce4317b1,/,8482,ab5b185400b4f399453768432d28e450
unknown,resources_a83b495e73001d3810d8c190a5f39e806a1f1a21db3749bb0c7266cfce4317b1,/,8482,ab5b185400b4f399453768432d28e450
css,css_3lBjB9LxWGvT5F_MnCGazkuov6eT9QNhKr0hGqtNWTk.css,/sites/default/files/css/css_3lBjB9LxWGvT5F_MnCGazkuov6eT9QNhKr0hGqtNWTk.css,9029,52c97059efbbf12550a2c4120df1944d
unknown,resources_a83b495e73001d3810d8c190a5f39e806a1f1a21db3749bb0c7266cfce4317b1,/,8482,ab5b185400b4f399453768432d28e450
unknown,resources_a83b495e73001d3810d8c190a5f39e806a1f1a21db3749bb0c7266cfce4317b1,/user/login,10907,dc77afb804a1ca0e6e4a599d02f8a0f6
unknown,resources_a83b495e73001d3810d8c190a5f39e806a1f1a21db3749bb0c7266cfce4317b1,/,8482,ab5b185400b4f399453768432d28e450
css,css_HR_ipD6kyBPC5018EaL_yGEj_81gdus6xeYq9sOaTe4.css,/sites/default/files/css/css_HR_ipD6kyBPC5018EaL_yGEj_81gdus6xeYq9sOaTe4.css,53111,ee5616713621e825d1a05e0bf373664e
