css,css_QVAG5D3Tjgmzc55dRjVpYlhI02sBiqX5b0VAkKLpSGg.css,/sites/default/files/css/css_QVAG5D3Tjgmzc55dRjVpYlhI02sBiqX5b0VAkKLpSGg.css,54803,ddbdfdf5e7cf8090a7d1afd435043c34
css,css_v18WUm75dSk_A-DeLZcRjivGVxxUXl9PCwLE_JJpyIk.css,/sites/default/files/css/css_v18WUm75dSk_A-DeLZcRjivGVxxUXl9PCwLE_JJpyIk.css,9029,f44fefced44b220298aaf7eec0c2ff1c
xml,rss.xml,/rss.xml,292,1cfe9f62a8883b34fbbada8651d0f30e
unknown,resources_89357c352b79011411331d1be948aa67fb8f7b1b928bfade283081627f11630a,/,8612,74d1dfb197ae3060030e441819a2943c
svg,logo.svg,/core/themes/bartik/logo.svg,3810,d6f7e63121cf4d076ec8a9782b77e4d4
css,css_Z5jMg7P_bjcW9iUzujI7oaechMyxQTUqZhHJ_aYSq04.css,/sites/default/files/css/css_Z5jMg7P_bjcW9iUzujI7oaechMyxQTUqZhHJ_aYSq04.css,509,969019288afc81908e3222f1811d6f0c
unknown,resources_89357c352b79011411331d1be948aa67fb8f7b1b928bfade283081627f11630a,/,8612,74d1dfb197ae3060030e441819a2943c
unknown,resources_89357c352b79011411331d1be948aa67fb8f7b1b928bfade283081627f11630a,/contact,12512,115e0926a5800cba4e5900c444dfe341
unknown,resources_89357c352b79011411331d1be948aa67fb8f7b1b928bfade283081627f11630a,/,8612,74d1dfb197ae3060030e441819a2943c
unknown,resources_89357c352b79011411331d1be948aa67fb8f7b1b928bfade283081627f11630a,/,8612,74d1dfb197ae3060030e441819a2943c
unknown,resources_89357c352b79011411331d1be948aa67fb8f7b1b928bfade283081627f11630a,/,8612,74d1dfb197ae3060030e441819a2943c
unknown,resources_89357c352b79011411331d1be948aa67fb8f7b1b928bfade283081627f11630a,/,8612,74d1dfb197ae3060030e441819a2943c
ico,favicon.ico,/core/themes/bartik/favicon.ico,5430,cf2445dcb53a031c02f9b57e2199bc03
unknown,resources_89357c352b79011411331d1be948aa67fb8f7b1b928bfade283081627f11630a,/,8612,74d1dfb197ae3060030e441819a2943c
unknown,resources_89357c352b79011411331d1be948aa67fb8f7b1b928bfade283081627f11630a,/user/login,10917,884338e3cd90a2abf87e7372dafec760
unknown,resources_89357c352b79011411331d1be948aa67fb8f7b1b928bfade283081627f11630a,/,8612,74d1dfb197ae3060030e441819a2943c
