unknown,resources_a682754d80c86ca1266cfeaee17a7b456b88d16a2567c4fee50b2335de36b1ba,/,167241,bdddb676a2127130ab82c3d1adbd265c
php,wp-login.php,/wp-login.php,2339,6a5d47bc8882c726d238df04588db470
unknown,resources_a682754d80c86ca1266cfeaee17a7b456b88d16a2567c4fee50b2335de36b1ba,/,1423,18af7dcb20fd8df1c5efa48e982bcd4d
unknown,resources_a682754d80c86ca1266cfeaee17a7b456b88d16a2567c4fee50b2335de36b1ba,/avatar/340536225dcaf0ae642b04a551841b48,1085,5028f28d2a99f6ccea8d3b64ac9b4abd
unknown,resources_a682754d80c86ca1266cfeaee17a7b456b88d16a2567c4fee50b2335de36b1ba,/xfn/11,5842,e7a5e426b65fc6d58fcb3d43a414f01c
css,style.css,/wp-content/themes/twentysixteen/style.css,68942,2f086edf8a51dd5b9614603dea33491f
unknown,resources_a682754d80c86ca1266cfeaee17a7b456b88d16a2567c4fee50b2335de36b1ba,/,10634,e8ed721a34755b05ee25c012fcb3c3d5
unknown,resources_a682754d80c86ca1266cfeaee17a7b456b88d16a2567c4fee50b2335de36b1ba,/,14242,d029e672c8451fdcb082c0c810153248
unknown,resources_a682754d80c86ca1266cfeaee17a7b456b88d16a2567c4fee50b2335de36b1ba,/,14242,0f8fcd2e4ff009c3542af0ceb25eaa86
css,genericons.css,/wp-content/themes/twentysixteen/genericons/genericons.css,28266,13a6500ddf36c6dd581877aefc78d34d
unknown,resources_a682754d80c86ca1266cfeaee17a7b456b88d16a2567c4fee50b2335de36b1ba,/,10612,3882493b55397e156f320ed317f21ce2
unknown,resources_a682754d80c86ca1266cfeaee17a7b456b88d16a2567c4fee50b2335de36b1ba,/css,2325,70b5e3c31dd85225242d0ddcb367a1cc
unknown,resources_a682754d80c86ca1266cfeaee17a7b456b88d16a2567c4fee50b2335de36b1ba,/,10426,dde39326ce9ae5db5ec2c686c4515416
js,skip-link-focus-fix.js,/wp-content/themes/twentysixteen/js/skip-link-focus-fix.js,1059,f1224221e5eecb4831ade6b6ad2f5073
js,jquery.js,/wp-includes/js/jquery/jquery.js,97184,8610f03fe77640dee8c4cc924e060f12
unknown,resources_a682754d80c86ca1266cfeaee17a7b456b88d16a2567c4fee50b2335de36b1ba,/,14242,0affb516341a77454e05286463b9bdbb
unknown,resources_a682754d80c86ca1266cfeaee17a7b456b88d16a2567c4fee50b2335de36b1ba,/,10326,464e13060876edebb99668fb487a66cb
js,jquery-migrate.min.js,/wp-includes/js/jquery/jquery-migrate.min.js,10056,7121994eec5320fbe6586463bf9651c2
unknown,resources_a682754d80c86ca1266cfeaee17a7b456b88d16a2567c4fee50b2335de36b1ba,/,10326,464e13060876edebb99668fb487a66cb
unknown,resources_a682754d80c86ca1266cfeaee17a7b456b88d16a2567c4fee50b2335de36b1ba,/,1584,8385a53a7a3f737923ca02ebd40625ae
js,functions.js,/wp-content/themes/twentysixteen/js/functions.js,6820,41ea2a94670de0e183c4262b67784399
xml,wlwmanifest.xml,/wp-includes/wlwmanifest.xml,1045,dfd490b6f383ea02a269031ff05e8896
js,wp-embed.min.js,/wp-includes/js/wp-embed.min.js,1403,0203f8b4d98102d02f6a569c40a47d7b
php,xmlrpc.php,/xmlrpc.php,829,7d7ffe7a594c05a716fd260ebe24bfc3
unknown,resources_a682754d80c86ca1266cfeaee17a7b456b88d16a2567c4fee50b2335de36b1ba,/,1014,b0a18491034bbe21824075894e358394
