unknown,resources_8315767fe109509712327a31fb4e2a1bc3a86161e3adaa9d25cc1d4e7abf8082,/,53249,f2e79ef31d04d2b63e8244ec99ce88e1
jpg,header.jpg,/wp-content/themes/twentyseventeen/assets/images/header.jpg,114854,8030438c0c9b454bad3e94357cc28b51
unknown,resources_8315767fe109509712327a31fb4e2a1bc3a86161e3adaa9d25cc1d4e7abf8082,/,167241,27e049cd8f2379b2876084188e18c071
js,wp-embed.min.js,/wp-includes/js/wp-embed.min.js,1398,5a03f97cc479b9f5d7efdaccec31bc17
js,global.js,/wp-content/themes/twentyseventeen/assets/js/global.js,7682,33e2c8ad1905b996e9026b408c2a6c6e
unknown,resources_8315767fe109509712327a31fb4e2a1bc3a86161e3adaa9d25cc1d4e7abf8082,/,57372,61a5ece6c6a94c0d54f58f3a8331c219
unknown,resources_8315767fe109509712327a31fb4e2a1bc3a86161e3adaa9d25cc1d4e7abf8082,,167241,bdddb676a2127130ab82c3d1adbd265c
js,jquery-migrate.min.js,/wp-includes/js/jquery/jquery-migrate.min.js,10056,7121994eec5320fbe6586463bf9651c2
unknown,resources_8315767fe109509712327a31fb4e2a1bc3a86161e3adaa9d25cc1d4e7abf8082,/,53249,503a89aed027b1eb898892fcddbe6371
unknown,resources_8315767fe109509712327a31fb4e2a1bc3a86161e3adaa9d25cc1d4e7abf8082,/xfn/11,5842,e7a5e426b65fc6d58fcb3d43a414f01c
unknown,resources_8315767fe109509712327a31fb4e2a1bc3a86161e3adaa9d25cc1d4e7abf8082,/,1599,498038374f117633e4df203db1611ecd
xml,wlwmanifest.xml,/wp-includes/wlwmanifest.xml,1045,dfd490b6f383ea02a269031ff05e8896
css,style.css,/wp-content/themes/twentyseventeen/style.css,83413,8cbd8714860d1c33436b45b07311be48
unknown,resources_8315767fe109509712327a31fb4e2a1bc3a86161e3adaa9d25cc1d4e7abf8082,/,53245,42c661252cc58e69c47b576daef06b73
js,jquery.js,/wp-includes/js/jquery/jquery.js,97184,8610f03fe77640dee8c4cc924e060f12
php,wp-login.php,/wp-login.php,2254,76cd6c5d1312ad19d7033350cd21ef01
unknown,resources_8315767fe109509712327a31fb4e2a1bc3a86161e3adaa9d25cc1d4e7abf8082,/,53249,5428af70ee7be006816b571948c57e19
php,xmlrpc.php,/xmlrpc.php,838,caae7d95e9da6f1d76562eff7e9e3e33
unknown,resources_8315767fe109509712327a31fb4e2a1bc3a86161e3adaa9d25cc1d4e7abf8082,/css,1780,2e635a881f4f57564f7ad48f03e5de02
unknown,resources_8315767fe109509712327a31fb4e2a1bc3a86161e3adaa9d25cc1d4e7abf8082,/,53249,18c6035b60e16c27fb40d740a69067d9
js,jquery.scrollTo.js,/wp-content/themes/twentyseventeen/assets/js/jquery.scrollTo.js,5836,16fb1664ddebf663a909c51d40ad7914
unknown,resources_8315767fe109509712327a31fb4e2a1bc3a86161e3adaa9d25cc1d4e7abf8082,/,53037,2996cc7d6607e87299381c995336745c
unknown,resources_8315767fe109509712327a31fb4e2a1bc3a86161e3adaa9d25cc1d4e7abf8082,/,1584,2453c7c39c1a59496612db67d4ecd5ad
unknown,resources_8315767fe109509712327a31fb4e2a1bc3a86161e3adaa9d25cc1d4e7abf8082,/,57372,535924c29fc8ce1f8a95db46d7bf8986
php,index.php,/index.php,53108,01e0ee8fd7f407eddce41441ab9cb79f
js,skip-link-focus-fix.js,/wp-content/themes/twentyseventeen/assets/js/skip-link-focus-fix.js,683,75abd4cd8807b312f9f7faeb77ee774b
