css,css_Z5jMg7P_bjcW9iUzujI7oaechMyxQTUqZhHJ_aYSq04.css,/sites/default/files/css/css_Z5jMg7P_bjcW9iUzujI7oaechMyxQTUqZhHJ_aYSq04.css,509,969019288afc81908e3222f1811d6f0c
ico,favicon.ico,/core/misc/favicon.ico,5430,cf2445dcb53a031c02f9b57e2199bc03
unknown,resources_5616aba4fc4e1a5e0d90ddf176b3fbdcf2123f8e94f7d02f5ce2802a03583481,/,8502,bef85ade551348712b62f97d68cdf682
xml,rss.xml,/rss.xml,320,8202ad2c4882d2fbb38dcb3c9b8af249
svg,logo.svg,/core/themes/bartik/logo.svg,3810,d6f7e63121cf4d076ec8a9782b77e4d4
unknown,resources_5616aba4fc4e1a5e0d90ddf176b3fbdcf2123f8e94f7d02f5ce2802a03583481,/contact,11985,2577d969e79d0eba5a583addc290f052
unknown,resources_5616aba4fc4e1a5e0d90ddf176b3fbdcf2123f8e94f7d02f5ce2802a03583481,/,8502,bef85ade551348712b62f97d68cdf682
unknown,resources_5616aba4fc4e1a5e0d90ddf176b3fbdcf2123f8e94f7d02f5ce2802a03583481,/,8502,bef85ade551348712b62f97d68cdf682
unknown,resources_5616aba4fc4e1a5e0d90ddf176b3fbdcf2123f8e94f7d02f5ce2802a03583481,/,8502,bef85ade551348712b62f97d68cdf682
unknown,resources_5616aba4fc4e1a5e0d90ddf176b3fbdcf2123f8e94f7d02f5ce2802a03583481,/,8502,bef85ade551348712b62f97d68cdf682
unknown,resources_5616aba4fc4e1a5e0d90ddf176b3fbdcf2123f8e94f7d02f5ce2802a03583481,/,8502,bef85ade551348712b62f97d68cdf682
unknown,resources_5616aba4fc4e1a5e0d90ddf176b3fbdcf2123f8e94f7d02f5ce2802a03583481,/,8502,bef85ade551348712b62f97d68cdf682
css,css_zK72-b6vfmaWB0-rJ1kPTuIMeQ1GMmhvuabgTvTgalg.css,/sites/default/files/css/css_zK72-b6vfmaWB0-rJ1kPTuIMeQ1GMmhvuabgTvTgalg.css,7821,885356afc1fbd1f314a1de024fccf3fa
css,css_tLRq0GlT6Z8C8Zz4LX0AGo95PZtZiO1GKtqFknqlfIk.css,/sites/default/files/css/css_tLRq0GlT6Z8C8Zz4LX0AGo95PZtZiO1GKtqFknqlfIk.css,51944,3e6b61a8b2a9fbe1a11124e80d6ee5f5
unknown,resources_5616aba4fc4e1a5e0d90ddf176b3fbdcf2123f8e94f7d02f5ce2802a03583481,/user/login,10927,b8f168372d0460f05f9f39a5a6aeaf8e
unknown,resources_5616aba4fc4e1a5e0d90ddf176b3fbdcf2123f8e94f7d02f5ce2802a03583481,/,8502,bef85ade551348712b62f97d68cdf682
