unknown,resources_80f2bb42b31ee4def1144003441aa3bc90c2109083376967640c5f3def5e84ee,/,51571,3027c963192296ed6e4f05d00ed5902d
unknown,resources_80f2bb42b31ee4def1144003441aa3bc90c2109083376967640c5f3def5e84ee,/,55738,991cfb293838c6d9e0baf7e813715a91
unknown,resources_80f2bb42b31ee4def1144003441aa3bc90c2109083376967640c5f3def5e84ee,/,55738,87acf774088249f78bc83e263ce81953
unknown,resources_80f2bb42b31ee4def1144003441aa3bc90c2109083376967640c5f3def5e84ee,/,167241,bdddb676a2127130ab82c3d1adbd265c
css,style.css,/wp-content/themes/twentyseventeen/style.css,81829,15b5d6d64d078ce6f8d84fea7c8ebe97
unknown,resources_80f2bb42b31ee4def1144003441aa3bc90c2109083376967640c5f3def5e84ee,/,51359,662e6f03b54ef523070a58094c7b821a
unknown,resources_80f2bb42b31ee4def1144003441aa3bc90c2109083376967640c5f3def5e84ee,/,51567,3c6ef7689e1cc028a2406e91f5482c12
unknown,resources_80f2bb42b31ee4def1144003441aa3bc90c2109083376967640c5f3def5e84ee,,167241,bdddb676a2127130ab82c3d1adbd265c
js,jquery.scrollTo.js,/wp-content/themes/twentyseventeen/assets/js/jquery.scrollTo.js,5836,16fb1664ddebf663a909c51d40ad7914
unknown,resources_80f2bb42b31ee4def1144003441aa3bc90c2109083376967640c5f3def5e84ee,/xfn/11,5842,e7a5e426b65fc6d58fcb3d43a414f01c
unknown,resources_80f2bb42b31ee4def1144003441aa3bc90c2109083376967640c5f3def5e84ee,/,1582,8ecec3515e8ece9629db68c966547ebd
js,global.js,/wp-content/themes/twentyseventeen/assets/js/global.js,7682,33e2c8ad1905b996e9026b408c2a6c6e
js,jquery.js,/wp-includes/js/jquery/jquery.js,97184,8610f03fe77640dee8c4cc924e060f12
js,skip-link-focus-fix.js,/wp-content/themes/twentyseventeen/assets/js/skip-link-focus-fix.js,683,75abd4cd8807b312f9f7faeb77ee774b
jpg,header.jpg,/wp-content/themes/twentyseventeen/assets/images/header.jpg,114854,8030438c0c9b454bad3e94357cc28b51
unknown,resources_80f2bb42b31ee4def1144003441aa3bc90c2109083376967640c5f3def5e84ee,/,1597,0be1b6f8ded2be0e57befca798f83316
unknown,resources_80f2bb42b31ee4def1144003441aa3bc90c2109083376967640c5f3def5e84ee,/,51571,2013de23a9b2a454ab152bc9a14e2a0e
php,xmlrpc.php,/xmlrpc.php,829,524dd9d1c0bf1c02dce41c436efafa6d
unknown,resources_80f2bb42b31ee4def1144003441aa3bc90c2109083376967640c5f3def5e84ee,/css,1780,2e635a881f4f57564f7ad48f03e5de02
unknown,resources_80f2bb42b31ee4def1144003441aa3bc90c2109083376967640c5f3def5e84ee,/,51571,e96b10197082d04467aa127ae039b720
js,wp-embed.min.js,/wp-includes/js/wp-embed.min.js,1398,5a03f97cc479b9f5d7efdaccec31bc17
unknown,resources_80f2bb42b31ee4def1144003441aa3bc90c2109083376967640c5f3def5e84ee,/,48458,fedded190932a8954abafb012a0c98b5
js,jquery-migrate.min.js,/wp-includes/js/jquery/jquery-migrate.min.js,10056,7121994eec5320fbe6586463bf9651c2
unknown,resources_80f2bb42b31ee4def1144003441aa3bc90c2109083376967640c5f3def5e84ee,/,51571,9af13235bdf724036c25832861bf8c92
php,wp-login.php,/wp-login.php,2217,c86a9eca86f740eaae9eb365ed40cca9
xml,wlwmanifest.xml,/wp-includes/wlwmanifest.xml,1045,dfd490b6f383ea02a269031ff05e8896
