ico,favicon.ico,/core/misc/favicon.ico,5430,cf2445dcb53a031c02f9b57e2199bc03
unknown,resources_0a7775837fd7c05c3f685457c3a994a1b3d1b8f2be7e200997c4bd24dead9a08,/,8625,be8ca2b58f82faf14859cc3a3e5f84dc
svg,logo.svg,/core/themes/bartik/logo.svg,3810,d6f7e63121cf4d076ec8a9782b77e4d4
css,css_Z5jMg7P_bjcW9iUzujI7oaechMyxQTUqZhHJ_aYSq04.css,/sites/default/files/css/css_Z5jMg7P_bjcW9iUzujI7oaechMyxQTUqZhHJ_aYSq04.css,509,969019288afc81908e3222f1811d6f0c
css,css_3V6J_r_PTht_o1AwEAK5H1GPwWEaEBu0a2228ToEXnc.css,/sites/default/files/css/css_3V6J_r_PTht_o1AwEAK5H1GPwWEaEBu0a2228ToEXnc.css,53996,37a7e3504f7004670855b6a8121196d0
unknown,resources_0a7775837fd7c05c3f685457c3a994a1b3d1b8f2be7e200997c4bd24dead9a08,/contact,12525,d720ead4ce7f9b1f3aaa04b529964295
unknown,resources_0a7775837fd7c05c3f685457c3a994a1b3d1b8f2be7e200997c4bd24dead9a08,/,8625,be8ca2b58f82faf14859cc3a3e5f84dc
unknown,resources_0a7775837fd7c05c3f685457c3a994a1b3d1b8f2be7e200997c4bd24dead9a08,/,8625,be8ca2b58f82faf14859cc3a3e5f84dc
unknown,resources_0a7775837fd7c05c3f685457c3a994a1b3d1b8f2be7e200997c4bd24dead9a08,/,8625,be8ca2b58f82faf14859cc3a3e5f84dc
unknown,resources_0a7775837fd7c05c3f685457c3a994a1b3d1b8f2be7e200997c4bd24dead9a08,/,8625,be8ca2b58f82faf14859cc3a3e5f84dc
unknown,resources_0a7775837fd7c05c3f685457c3a994a1b3d1b8f2be7e200997c4bd24dead9a08,/,8625,be8ca2b58f82faf14859cc3a3e5f84dc
unknown,resources_0a7775837fd7c05c3f685457c3a994a1b3d1b8f2be7e200997c4bd24dead9a08,/,8625,be8ca2b58f82faf14859cc3a3e5f84dc
css,css_Tn5FqQpbAuJTlGtyYI4ci5-b8QvV3HAIFvr9X5y57nE.css,/sites/default/files/css/css_Tn5FqQpbAuJTlGtyYI4ci5-b8QvV3HAIFvr9X5y57nE.css,8989,5fabb28b0a04b273c86adfc7aa9ebbd5
unknown,resources_0a7775837fd7c05c3f685457c3a994a1b3d1b8f2be7e200997c4bd24dead9a08,/user/login,10929,57b53114fc329f3c54d73340998d1d09
unknown,resources_0a7775837fd7c05c3f685457c3a994a1b3d1b8f2be7e200997c4bd24dead9a08,/,8625,be8ca2b58f82faf14859cc3a3e5f84dc
xml,rss.xml,/rss.xml,292,844a722f9bce0f38440007a21a6d5191
