ico,favicon.ico,/core/misc/favicon.ico,5430,cf2445dcb53a031c02f9b57e2199bc03
unknown,resources_4f7b8757496ce711675652caa82021e30d13dac7d3858c10d87fd260c4fd614a,/,8756,f7142b5028d8dd4dde7b61a8f2c5b7a0
svg,logo.svg,/core/themes/bartik/logo.svg,3810,d6f7e63121cf4d076ec8a9782b77e4d4
css,css_Z5jMg7P_bjcW9iUzujI7oaechMyxQTUqZhHJ_aYSq04.css,/sites/default/files/css/css_Z5jMg7P_bjcW9iUzujI7oaechMyxQTUqZhHJ_aYSq04.css,509,969019288afc81908e3222f1811d6f0c
unknown,resources_4f7b8757496ce711675652caa82021e30d13dac7d3858c10d87fd260c4fd614a,/,8756,f7142b5028d8dd4dde7b61a8f2c5b7a0
unknown,resources_4f7b8757496ce711675652caa82021e30d13dac7d3858c10d87fd260c4fd614a,/contact,12656,0967861c49753152532a83651f3efd27
unknown,resources_4f7b8757496ce711675652caa82021e30d13dac7d3858c10d87fd260c4fd614a,/,8756,f7142b5028d8dd4dde7b61a8f2c5b7a0
css,css_pN_aNY_1eLt0WlUbmimNvK8eF4lkcIrV3SSIjBt5NlA.css,/sites/default/files/css/css_pN_aNY_1eLt0WlUbmimNvK8eF4lkcIrV3SSIjBt5NlA.css,9159,93572fa49b3ac10b884c5592363c3077
unknown,resources_4f7b8757496ce711675652caa82021e30d13dac7d3858c10d87fd260c4fd614a,/,8756,f7142b5028d8dd4dde7b61a8f2c5b7a0
unknown,resources_4f7b8757496ce711675652caa82021e30d13dac7d3858c10d87fd260c4fd614a,/,8756,f7142b5028d8dd4dde7b61a8f2c5b7a0
css,css_7bokDgM4q5HWKOoHQPGb4sHfgE0k47epGH29WsdKRQE.css,/sites/default/files/css/css_7bokDgM4q5HWKOoHQPGb4sHfgE0k47epGH29WsdKRQE.css,53642,acf7a082f196874a7745eef75117900d
unknown,resources_4f7b8757496ce711675652caa82021e30d13dac7d3858c10d87fd260c4fd614a,/,8756,f7142b5028d8dd4dde7b61a8f2c5b7a0
unknown,resources_4f7b8757496ce711675652caa82021e30d13dac7d3858c10d87fd260c4fd614a,/,8756,f7142b5028d8dd4dde7b61a8f2c5b7a0
xml,rss.xml,/rss.xml,292,7527897725079d2853883834ab86f035
unknown,resources_4f7b8757496ce711675652caa82021e30d13dac7d3858c10d87fd260c4fd614a,/user/login,11061,4a215d7fd1e49a93a2f123057798c7b6
unknown,resources_4f7b8757496ce711675652caa82021e30d13dac7d3858c10d87fd260c4fd614a,/,8756,f7142b5028d8dd4dde7b61a8f2c5b7a0
