ico,favicon.ico,/core/misc/favicon.ico,5430,cf2445dcb53a031c02f9b57e2199bc03
css,css_v18WUm75dSk_A-DeLZcRjivGVxxUXl9PCwLE_JJpyIk.css,/sites/default/files/css/css_v18WUm75dSk_A-DeLZcRjivGVxxUXl9PCwLE_JJpyIk.css,9029,f44fefced44b220298aaf7eec0c2ff1c
unknown,resources_eab579ca894fc807d0c7c35d72929a6ca79df8c75a089273e7f3182ff621ce5a,/,8612,edf2d3b01df865db212f67f94effc1ef
svg,logo.svg,/core/themes/bartik/logo.svg,3810,d6f7e63121cf4d076ec8a9782b77e4d4
css,css_Z5jMg7P_bjcW9iUzujI7oaechMyxQTUqZhHJ_aYSq04.css,/sites/default/files/css/css_Z5jMg7P_bjcW9iUzujI7oaechMyxQTUqZhHJ_aYSq04.css,509,969019288afc81908e3222f1811d6f0c
css,css_3V6J_r_PTht_o1AwEAK5H1GPwWEaEBu0a2228ToEXnc.css,/sites/default/files/css/css_3V6J_r_PTht_o1AwEAK5H1GPwWEaEBu0a2228ToEXnc.css,53996,37a7e3504f7004670855b6a8121196d0
unknown,resources_eab579ca894fc807d0c7c35d72929a6ca79df8c75a089273e7f3182ff621ce5a,/contact,12511,eed4698d5a2c5b1071fe7d9274638063
unknown,resources_eab579ca894fc807d0c7c35d72929a6ca79df8c75a089273e7f3182ff621ce5a,/,8612,edf2d3b01df865db212f67f94effc1ef
unknown,resources_eab579ca894fc807d0c7c35d72929a6ca79df8c75a089273e7f3182ff621ce5a,/,8612,edf2d3b01df865db212f67f94effc1ef
unknown,resources_eab579ca894fc807d0c7c35d72929a6ca79df8c75a089273e7f3182ff621ce5a,/,8612,edf2d3b01df865db212f67f94effc1ef
xml,rss.xml,/rss.xml,292,4dffbe83aaf72a41db481a2286920655
unknown,resources_eab579ca894fc807d0c7c35d72929a6ca79df8c75a089273e7f3182ff621ce5a,/,8612,edf2d3b01df865db212f67f94effc1ef
unknown,resources_eab579ca894fc807d0c7c35d72929a6ca79df8c75a089273e7f3182ff621ce5a,/,8612,edf2d3b01df865db212f67f94effc1ef
unknown,resources_eab579ca894fc807d0c7c35d72929a6ca79df8c75a089273e7f3182ff621ce5a,/,8612,edf2d3b01df865db212f67f94effc1ef
unknown,resources_eab579ca894fc807d0c7c35d72929a6ca79df8c75a089273e7f3182ff621ce5a,/user/login,10917,67945a3ad420fe859289941f8c4eb50c
unknown,resources_eab579ca894fc807d0c7c35d72929a6ca79df8c75a089273e7f3182ff621ce5a,/,8612,edf2d3b01df865db212f67f94effc1ef
