ico,favicon.ico,/core/misc/favicon.ico,5430,cf2445dcb53a031c02f9b57e2199bc03
xml,rss.xml,/rss.xml,292,8d6f53fafcefe395ccb4a6c0748545d4
unknown,resources_8c03fdacfdebe2277bbd0d0ab9ea1fa58314197a7159fd775136daec656be9e3,/,8756,e936207225daa6d7e01a4359e27d884e
svg,logo.svg,/core/themes/bartik/logo.svg,3810,d6f7e63121cf4d076ec8a9782b77e4d4
css,css_Z5jMg7P_bjcW9iUzujI7oaechMyxQTUqZhHJ_aYSq04.css,/sites/default/files/css/css_Z5jMg7P_bjcW9iUzujI7oaechMyxQTUqZhHJ_aYSq04.css,509,969019288afc81908e3222f1811d6f0c
unknown,resources_8c03fdacfdebe2277bbd0d0ab9ea1fa58314197a7159fd775136daec656be9e3,/,8756,e936207225daa6d7e01a4359e27d884e
unknown,resources_8c03fdacfdebe2277bbd0d0ab9ea1fa58314197a7159fd775136daec656be9e3,/contact,12656,f26a2c7c14e1758a0a4c0e2ccc82ec45
unknown,resources_8c03fdacfdebe2277bbd0d0ab9ea1fa58314197a7159fd775136daec656be9e3,/,8756,e936207225daa6d7e01a4359e27d884e
css,css_pN_aNY_1eLt0WlUbmimNvK8eF4lkcIrV3SSIjBt5NlA.css,/sites/default/files/css/css_pN_aNY_1eLt0WlUbmimNvK8eF4lkcIrV3SSIjBt5NlA.css,9159,93572fa49b3ac10b884c5592363c3077
unknown,resources_8c03fdacfdebe2277bbd0d0ab9ea1fa58314197a7159fd775136daec656be9e3,/,8756,e936207225daa6d7e01a4359e27d884e
unknown,resources_8c03fdacfdebe2277bbd0d0ab9ea1fa58314197a7159fd775136daec656be9e3,/,8756,e936207225daa6d7e01a4359e27d884e
css,css_7bokDgM4q5HWKOoHQPGb4sHfgE0k47epGH29WsdKRQE.css,/sites/default/files/css/css_7bokDgM4q5HWKOoHQPGb4sHfgE0k47epGH29WsdKRQE.css,53642,acf7a082f196874a7745eef75117900d
unknown,resources_8c03fdacfdebe2277bbd0d0ab9ea1fa58314197a7159fd775136daec656be9e3,/,8756,e936207225daa6d7e01a4359e27d884e
unknown,resources_8c03fdacfdebe2277bbd0d0ab9ea1fa58314197a7159fd775136daec656be9e3,/,8756,e936207225daa6d7e01a4359e27d884e
unknown,resources_8c03fdacfdebe2277bbd0d0ab9ea1fa58314197a7159fd775136daec656be9e3,/user/login,11061,f6683bbb423df1eeb185751757561cf4
unknown,resources_8c03fdacfdebe2277bbd0d0ab9ea1fa58314197a7159fd775136daec656be9e3,/,8756,e936207225daa6d7e01a4359e27d884e
