unknown,resources_5cfcdc608acad74f4a2f83ace4f2f103bd8a4557b2387413a8b1024af05bb67f,/,25735,026748bf94f6e8cc9f8b5f2bd96b7603
unknown,resources_5cfcdc608acad74f4a2f83ace4f2f103bd8a4557b2387413a8b1024af05bb67f,/,25735,026748bf94f6e8cc9f8b5f2bd96b7603
js,index.js,/wp-content/themes/twentytwenty/assets/js/index.js,25009,550cc78f2c0fa198aa54381777364e24
unknown,resources_5cfcdc608acad74f4a2f83ace4f2f103bd8a4557b2387413a8b1024af05bb67f,/,167241,bdddb676a2127130ab82c3d1adbd265c
unknown,resources_5cfcdc608acad74f4a2f83ace4f2f103bd8a4557b2387413a8b1024af05bb67f,/,1610,39abb57717daf5226ccbf9687d92d25b
unknown,resources_5cfcdc608acad74f4a2f83ace4f2f103bd8a4557b2387413a8b1024af05bb67f,,167241,27e049cd8f2379b2876084188e18c071
unknown,resources_5cfcdc608acad74f4a2f83ace4f2f103bd8a4557b2387413a8b1024af05bb67f,/,1634,9efbcf9cd732c2f92fbbbb305284a6a0
php,index.php,/index.php,76383,113adbf99ae25ee4fccdf610a51ee24b
js,wp-embed.min.js,/wp-includes/js/wp-embed.min.js,1399,04133d37cfd0f08267530b905a5ffff3
unknown,resources_5cfcdc608acad74f4a2f83ace4f2f103bd8a4557b2387413a8b1024af05bb67f,/,26266,b65153b76a00c6ce261d408129caf6c6
unknown,resources_5cfcdc608acad74f4a2f83ace4f2f103bd8a4557b2387413a8b1024af05bb67f,/,30648,af55f9465817d0b60ac4c3fb40e10ec0
unknown,resources_5cfcdc608acad74f4a2f83ace4f2f103bd8a4557b2387413a8b1024af05bb67f,/,25735,026748bf94f6e8cc9f8b5f2bd96b7603
php,wp-login.php,/wp-login.php,4830,34620fe28dc141b6b004b1b66828a360
unknown,resources_5cfcdc608acad74f4a2f83ace4f2f103bd8a4557b2387413a8b1024af05bb67f,/,30648,af55f9465817d0b60ac4c3fb40e10ec0
css,print.css,/wp-content/themes/twentytwenty/print.css,2574,374837a28a67bfec747ebdddfbc7be5e
unknown,resources_5cfcdc608acad74f4a2f83ace4f2f103bd8a4557b2387413a8b1024af05bb67f,/,30648,af55f9465817d0b60ac4c3fb40e10ec0
unknown,resources_5cfcdc608acad74f4a2f83ace4f2f103bd8a4557b2387413a8b1024af05bb67f,/xfn/11,5842,e7a5e426b65fc6d58fcb3d43a414f01c
php,xmlrpc.php,/xmlrpc.php,812,60b6e1b6b41fcd5a78ea0e357d6259bf
css,style.css,/wp-content/themes/twentytwenty/style.css,119136,43c8b77dc8cc56ac3cac5728c88a6309
css,style.min.css,/wp-includes/css/dist/block-library/style.min.css,41467,9eeddc51b0b4a2580a959042d50f826e
xml,wlwmanifest.xml,/wp-includes/wlwmanifest.xml,1045,dfd490b6f383ea02a269031ff05e8896
unknown,resources_5cfcdc608acad74f4a2f83ace4f2f103bd8a4557b2387413a8b1024af05bb67f,/,26060,d9043c2c759ffe9fd7e38a81dad8f36c
unknown,resources_5cfcdc608acad74f4a2f83ace4f2f103bd8a4557b2387413a8b1024af05bb67f,/,22595,a3a7ba0b62d6d18ca0860c7dcc26980a
unknown,resources_5cfcdc608acad74f4a2f83ace4f2f103bd8a4557b2387413a8b1024af05bb67f,/,26308,95699ea72d5e00c60bd07e28195c480e
