ico,favicon.ico,/core/misc/favicon.ico,5430,cf2445dcb53a031c02f9b57e2199bc03
unknown,resources_380423e3b372d38b72617dd22424b41fb563e5348c7244aa47dac9bfd4c31aaa,/,8756,80d4f9219623473a98db3a19dac74082
svg,logo.svg,/core/themes/bartik/logo.svg,3810,d6f7e63121cf4d076ec8a9782b77e4d4
css,css_Z5jMg7P_bjcW9iUzujI7oaechMyxQTUqZhHJ_aYSq04.css,/sites/default/files/css/css_Z5jMg7P_bjcW9iUzujI7oaechMyxQTUqZhHJ_aYSq04.css,509,969019288afc81908e3222f1811d6f0c
xml,rss.xml,/rss.xml,292,458c1e41274e478fbc1b04293379414c
unknown,resources_380423e3b372d38b72617dd22424b41fb563e5348c7244aa47dac9bfd4c31aaa,/,8756,80d4f9219623473a98db3a19dac74082
unknown,resources_380423e3b372d38b72617dd22424b41fb563e5348c7244aa47dac9bfd4c31aaa,/contact,12656,f601727c08ff889b155913d3d5d5aa5e
unknown,resources_380423e3b372d38b72617dd22424b41fb563e5348c7244aa47dac9bfd4c31aaa,/,8756,80d4f9219623473a98db3a19dac74082
css,css_pN_aNY_1eLt0WlUbmimNvK8eF4lkcIrV3SSIjBt5NlA.css,/sites/default/files/css/css_pN_aNY_1eLt0WlUbmimNvK8eF4lkcIrV3SSIjBt5NlA.css,9159,93572fa49b3ac10b884c5592363c3077
unknown,resources_380423e3b372d38b72617dd22424b41fb563e5348c7244aa47dac9bfd4c31aaa,/,8756,80d4f9219623473a98db3a19dac74082
unknown,resources_380423e3b372d38b72617dd22424b41fb563e5348c7244aa47dac9bfd4c31aaa,/,8756,80d4f9219623473a98db3a19dac74082
css,css_7bokDgM4q5HWKOoHQPGb4sHfgE0k47epGH29WsdKRQE.css,/sites/default/files/css/css_7bokDgM4q5HWKOoHQPGb4sHfgE0k47epGH29WsdKRQE.css,53642,acf7a082f196874a7745eef75117900d
unknown,resources_380423e3b372d38b72617dd22424b41fb563e5348c7244aa47dac9bfd4c31aaa,/,8756,80d4f9219623473a98db3a19dac74082
unknown,resources_380423e3b372d38b72617dd22424b41fb563e5348c7244aa47dac9bfd4c31aaa,/,8756,80d4f9219623473a98db3a19dac74082
unknown,resources_380423e3b372d38b72617dd22424b41fb563e5348c7244aa47dac9bfd4c31aaa,/user/login,11060,06d86079c5149b143f791f8b145bf9b5
unknown,resources_380423e3b372d38b72617dd22424b41fb563e5348c7244aa47dac9bfd4c31aaa,/,8756,80d4f9219623473a98db3a19dac74082
