xml,rss.xml,/rss.xml,292,45a44c2b8949cfc3774d23d95da15a19
ico,favicon.ico,/core/misc/favicon.ico,5430,cf2445dcb53a031c02f9b57e2199bc03
unknown,resources_c8bacce2112cef29234ce71be36232fed91167c265e798cce715ce950cb6d7df,/,8756,7850bef592f979e88db24c4ccb74a0d5
svg,logo.svg,/core/themes/bartik/logo.svg,3810,d6f7e63121cf4d076ec8a9782b77e4d4
css,css_Z5jMg7P_bjcW9iUzujI7oaechMyxQTUqZhHJ_aYSq04.css,/sites/default/files/css/css_Z5jMg7P_bjcW9iUzujI7oaechMyxQTUqZhHJ_aYSq04.css,509,969019288afc81908e3222f1811d6f0c
unknown,resources_c8bacce2112cef29234ce71be36232fed91167c265e798cce715ce950cb6d7df,/,8756,7850bef592f979e88db24c4ccb74a0d5
unknown,resources_c8bacce2112cef29234ce71be36232fed91167c265e798cce715ce950cb6d7df,/contact,12656,65b4857eb636b6ec2e185bbc41dbf3ae
unknown,resources_c8bacce2112cef29234ce71be36232fed91167c265e798cce715ce950cb6d7df,/,8756,7850bef592f979e88db24c4ccb74a0d5
css,css_pN_aNY_1eLt0WlUbmimNvK8eF4lkcIrV3SSIjBt5NlA.css,/sites/default/files/css/css_pN_aNY_1eLt0WlUbmimNvK8eF4lkcIrV3SSIjBt5NlA.css,9159,93572fa49b3ac10b884c5592363c3077
unknown,resources_c8bacce2112cef29234ce71be36232fed91167c265e798cce715ce950cb6d7df,/,8756,7850bef592f979e88db24c4ccb74a0d5
unknown,resources_c8bacce2112cef29234ce71be36232fed91167c265e798cce715ce950cb6d7df,/,8756,7850bef592f979e88db24c4ccb74a0d5
css,css_7bokDgM4q5HWKOoHQPGb4sHfgE0k47epGH29WsdKRQE.css,/sites/default/files/css/css_7bokDgM4q5HWKOoHQPGb4sHfgE0k47epGH29WsdKRQE.css,53642,acf7a082f196874a7745eef75117900d
unknown,resources_c8bacce2112cef29234ce71be36232fed91167c265e798cce715ce950cb6d7df,/,8756,7850bef592f979e88db24c4ccb74a0d5
unknown,resources_c8bacce2112cef29234ce71be36232fed91167c265e798cce715ce950cb6d7df,/,8756,7850bef592f979e88db24c4ccb74a0d5
unknown,resources_c8bacce2112cef29234ce71be36232fed91167c265e798cce715ce950cb6d7df,/user/login,11061,f94e8954f0d674530c0a5f03a85f2163
unknown,resources_c8bacce2112cef29234ce71be36232fed91167c265e798cce715ce950cb6d7df,/,8756,7850bef592f979e88db24c4ccb74a0d5
