svg,logo.svg,/media/templates/site/cassiopeia/images/logo.svg,1731,4f7b092f38323ac84d7918c02365ddb8
js,menu-es5.min.js,/media/mod_menu/js/menu-es5.min.js,2176,6cf581583fad578c6628a06d18fa3947
svg,joomla-favicon.svg,/media/system/images/joomla-favicon.svg,1488,1b6942e22443109daea739524ab74123
php,index.php,/index.php,582,05db25e0dca41dfb98a5a4f839aa3a13
js,template.min.js,/media/templates/site/cassiopeia/js/template.min.js,836,c9a89da8143d11cc8d33a300210b1669
js,messages.min.js,/media/system/js/messages.min.js,5419,29393d6876c415988d12287821f432ec
ico,favicon.ico,/media/system/images/favicon.ico,2019,1194d7d32448e1f90741a97b42af91fa
js,keepalive.min.js,/media/system/js/keepalive.min.js,577,48bf89e630dce5782a6bd4126cb13a17
