ico,favicon.ico,/core/misc/favicon.ico,5430,cf2445dcb53a031c02f9b57e2199bc03
unknown,resources_aa28f33f8c9ce53dcf6e2ed7f51a1312e622f396412369d6bc932ddb8a2fd26c,/,8756,13cfc172a1190eb1bbdbe5f0b735a42f
svg,logo.svg,/core/themes/bartik/logo.svg,3810,d6f7e63121cf4d076ec8a9782b77e4d4
css,css_Z5jMg7P_bjcW9iUzujI7oaechMyxQTUqZhHJ_aYSq04.css,/sites/default/files/css/css_Z5jMg7P_bjcW9iUzujI7oaechMyxQTUqZhHJ_aYSq04.css,509,969019288afc81908e3222f1811d6f0c
unknown,resources_aa28f33f8c9ce53dcf6e2ed7f51a1312e622f396412369d6bc932ddb8a2fd26c,/,8756,13cfc172a1190eb1bbdbe5f0b735a42f
unknown,resources_aa28f33f8c9ce53dcf6e2ed7f51a1312e622f396412369d6bc932ddb8a2fd26c,/contact,12656,8d768d489520f8ad5291a2a301633eed
unknown,resources_aa28f33f8c9ce53dcf6e2ed7f51a1312e622f396412369d6bc932ddb8a2fd26c,/,8756,13cfc172a1190eb1bbdbe5f0b735a42f
css,css_pN_aNY_1eLt0WlUbmimNvK8eF4lkcIrV3SSIjBt5NlA.css,/sites/default/files/css/css_pN_aNY_1eLt0WlUbmimNvK8eF4lkcIrV3SSIjBt5NlA.css,9159,93572fa49b3ac10b884c5592363c3077
unknown,resources_aa28f33f8c9ce53dcf6e2ed7f51a1312e622f396412369d6bc932ddb8a2fd26c,/,8756,13cfc172a1190eb1bbdbe5f0b735a42f
unknown,resources_aa28f33f8c9ce53dcf6e2ed7f51a1312e622f396412369d6bc932ddb8a2fd26c,/,8756,13cfc172a1190eb1bbdbe5f0b735a42f
css,css_7bokDgM4q5HWKOoHQPGb4sHfgE0k47epGH29WsdKRQE.css,/sites/default/files/css/css_7bokDgM4q5HWKOoHQPGb4sHfgE0k47epGH29WsdKRQE.css,53642,acf7a082f196874a7745eef75117900d
xml,rss.xml,/rss.xml,292,9619084dcf76ea9ebd2de576f1786c99
unknown,resources_aa28f33f8c9ce53dcf6e2ed7f51a1312e622f396412369d6bc932ddb8a2fd26c,/,8756,13cfc172a1190eb1bbdbe5f0b735a42f
unknown,resources_aa28f33f8c9ce53dcf6e2ed7f51a1312e622f396412369d6bc932ddb8a2fd26c,/,8756,13cfc172a1190eb1bbdbe5f0b735a42f
unknown,resources_aa28f33f8c9ce53dcf6e2ed7f51a1312e622f396412369d6bc932ddb8a2fd26c,/user/login,11061,7100f08643285ff3deef513a5e886c4e
unknown,resources_aa28f33f8c9ce53dcf6e2ed7f51a1312e622f396412369d6bc932ddb8a2fd26c,/,8756,13cfc172a1190eb1bbdbe5f0b735a42f
