unknown,resources_53efbb2f953ba0e53a04a4cb8d88bdd970d734b0ebe188e0b7a3eadd5c1932ed,/,51579,51275b2ebba92ff821f33ed737aec337
js,jquery.scrollTo.js,/wp-content/themes/twentyseventeen/assets/js/jquery.scrollTo.js,5836,16fb1664ddebf663a909c51d40ad7914
unknown,resources_53efbb2f953ba0e53a04a4cb8d88bdd970d734b0ebe188e0b7a3eadd5c1932ed,/,167241,27e049cd8f2379b2876084188e18c071
php,wp-login.php,/wp-login.php,2219,eaa4f59b18880d86619b0e1ce9bb8e35
unknown,resources_53efbb2f953ba0e53a04a4cb8d88bdd970d734b0ebe188e0b7a3eadd5c1932ed,/,51367,349480d0f3ae339f982e2afe2271acc7
unknown,resources_53efbb2f953ba0e53a04a4cb8d88bdd970d734b0ebe188e0b7a3eadd5c1932ed,,167241,27e049cd8f2379b2876084188e18c071
js,global.js,/wp-content/themes/twentyseventeen/assets/js/global.js,7682,33e2c8ad1905b996e9026b408c2a6c6e
unknown,resources_53efbb2f953ba0e53a04a4cb8d88bdd970d734b0ebe188e0b7a3eadd5c1932ed,/xfn/11,5842,e7a5e426b65fc6d58fcb3d43a414f01c
js,wp-embed.min.js,/wp-includes/js/wp-embed.min.js,1398,5a03f97cc479b9f5d7efdaccec31bc17
js,jquery-migrate.min.js,/wp-includes/js/jquery/jquery-migrate.min.js,10056,7121994eec5320fbe6586463bf9651c2
unknown,resources_53efbb2f953ba0e53a04a4cb8d88bdd970d734b0ebe188e0b7a3eadd5c1932ed,/,51575,2e1a601ac06e47b33efe924e667d5f2c
unknown,resources_53efbb2f953ba0e53a04a4cb8d88bdd970d734b0ebe188e0b7a3eadd5c1932ed,/,51579,443e2dc6b593f7212a444e7bcf272a65
unknown,resources_53efbb2f953ba0e53a04a4cb8d88bdd970d734b0ebe188e0b7a3eadd5c1932ed,/,55748,ad3c0f851b5035bdc6086c5d7f836b72
unknown,resources_53efbb2f953ba0e53a04a4cb8d88bdd970d734b0ebe188e0b7a3eadd5c1932ed,/css,1780,2e635a881f4f57564f7ad48f03e5de02
unknown,resources_53efbb2f953ba0e53a04a4cb8d88bdd970d734b0ebe188e0b7a3eadd5c1932ed,/,1584,9135de16db2c23f31754307e052c3c0a
unknown,resources_53efbb2f953ba0e53a04a4cb8d88bdd970d734b0ebe188e0b7a3eadd5c1932ed,/,1599,7a99a7f5a678dc6555b861f4871d79bf
unknown,resources_53efbb2f953ba0e53a04a4cb8d88bdd970d734b0ebe188e0b7a3eadd5c1932ed,/,51579,bb1c85ce3d7cccfbf4f45310159c5896
unknown,resources_53efbb2f953ba0e53a04a4cb8d88bdd970d734b0ebe188e0b7a3eadd5c1932ed,/,51579,d00d3b6e556ddbb67da0e1c306a65784
unknown,resources_53efbb2f953ba0e53a04a4cb8d88bdd970d734b0ebe188e0b7a3eadd5c1932ed,/,48341,297ad580e1da4c1144da1dd2f1fcd5c1
js,skip-link-focus-fix.js,/wp-content/themes/twentyseventeen/assets/js/skip-link-focus-fix.js,683,75abd4cd8807b312f9f7faeb77ee774b
unknown,resources_53efbb2f953ba0e53a04a4cb8d88bdd970d734b0ebe188e0b7a3eadd5c1932ed,/,55748,8b7d73e27279a56c35d316e8f0eb6632
xml,wlwmanifest.xml,/wp-includes/wlwmanifest.xml,1045,dfd490b6f383ea02a269031ff05e8896
php,xmlrpc.php,/xmlrpc.php,829,d529ff7aba1444aba6e6084f4933ed88
jpg,header.jpg,/wp-content/themes/twentyseventeen/assets/images/header.jpg,114854,8030438c0c9b454bad3e94357cc28b51
js,jquery.js,/wp-includes/js/jquery/jquery.js,97184,8610f03fe77640dee8c4cc924e060f12
css,style.css,/wp-content/themes/twentyseventeen/style.css,81829,90b3d894273f9cacb4d86ba1c153108a
