xml,rss.xml,/rss.xml,292,cfac33743a263bf3738205197a71f564
woff2,Metropolis-SemiBold.woff2,/core/themes/olivero/fonts/metropolis/Metropolis-SemiBold.woff2,26564,10f01a9f175be51d3ec7789947142cc3
woff2,Metropolis-Regular.woff2,/core/themes/olivero/fonts/metropolis/Metropolis-Regular.woff2,16388,4a405762789758475f736592772ebfd1
js,js_5RoIl1UGyduZ9F9FxiVZRROprn8Rg9zYlXNVO50L62s.js,/sites/default/files/js/js_5RoIl1UGyduZ9F9FxiVZRROprn8Rg9zYlXNVO50L62s.js,35457,84ab9a56a4cd3c7e613fc7999ee6a407
ico,favicon.ico,/core/themes/olivero/favicon.ico,4286,7cc554c336188af9c77e56e709a08f01
unknown,resources_b2110754bdc2ad78fdc7b2e0e9706b52dcff9a5fc3cf127a53cdbad8955f7659,/,16171,2c2abdf528ecf200b4ba3a5a8837c6b7
css,css_gPYZsQaPE-kCIIJkBktDwAYYrIbHdaEGZLcGweNvZBI.css,/sites/default/files/css/css_gPYZsQaPE-kCIIJkBktDwAYYrIbHdaEGZLcGweNvZBI.css,126171,7a4dbd7ac52d3e31e885ec119c00353a
css,css_MT0D1GjOSbnKTUNXXsPJt0G9ZqK4uFyjcxH07I-DspQ.css,/sites/default/files/css/css_MT0D1GjOSbnKTUNXXsPJt0G9ZqK4uFyjcxH07I-DspQ.css,10989,df11c643780fb1ad6871a37390dbf4b1
unknown,resources_b2110754bdc2ad78fdc7b2e0e9706b52dcff9a5fc3cf127a53cdbad8955f7659,/,16171,2c2abdf528ecf200b4ba3a5a8837c6b7
unknown,resources_b2110754bdc2ad78fdc7b2e0e9706b52dcff9a5fc3cf127a53cdbad8955f7659,/,164201,e506f3c6b7cafe318ed75586ea43cf9f
woff2,lora-v14-latin-regular.woff2,/core/themes/olivero/fonts/lora/lora-v14-latin-regular.woff2,24552,e4cdb14bf148f2846997a6be7ba648bd
css,nav-primary-no-js.css,/core/themes/olivero/css/components/navigation/nav-primary-no-js.css,5765,4ad41a2d8548ba1ec2a39af4b35571e9
xml,rss.xml,/rss.xml,292,cfac33743a263bf3738205197a71f564
woff2,Metropolis-Bold.woff2,/core/themes/olivero/fonts/metropolis/Metropolis-Bold.woff2,16728,6a80125e795aa81c6f251aa83e44062b
unknown,resources_b2110754bdc2ad78fdc7b2e0e9706b52dcff9a5fc3cf127a53cdbad8955f7659,/user/login,17455,48ea8f40aa596fd37a36078dd2e83c36
