php,xmlrpc.php,/xmlrpc.php,812,47bb160fd1de13bc1baf65c812d55b35
css,style.min.css,/wp-includes/blocks/navigation/style.min.css,13574,3ca7a0ba340d045734b542c616703289
unknown,resources_e508c09c8a8559cdcd46a40a4938724910c1df1ae226fcfb33248452c90810be,/,1622,7e703ce854f4fe792a52897d504c229d
unknown,resources_e508c09c8a8559cdcd46a40a4938724910c1df1ae226fcfb33248452c90810be,,167241,bdddb676a2127130ab82c3d1adbd265c
unknown,resources_e508c09c8a8559cdcd46a40a4938724910c1df1ae226fcfb33248452c90810be,/,54995,b6e6b72d67925a9285f1f684fd686230
unknown,resources_e508c09c8a8559cdcd46a40a4938724910c1df1ae226fcfb33248452c90810be,/,1625,545e0ed257bbb9ef00673dd286c47ae8
woff2,SourceSerif4Variable-Roman.ttf.woff2,/wp-content/themes/twentytwentytwo/assets/fonts/SourceSerif4Variable-Roman.ttf.woff2,428448,378b83a85cfb1cb0f11ab503b0df456e
php,index.php,/index.php,160243,98ef29df0ae626a91acb084c9efb0556
unknown,resources_e508c09c8a8559cdcd46a40a4938724910c1df1ae226fcfb33248452c90810be,/,58537,f1a85f11131291ad4c89b41131bb38d9
unknown,resources_e508c09c8a8559cdcd46a40a4938724910c1df1ae226fcfb33248452c90810be,,54504,89e4219db62ee169c519d0aa594263d0
js,view.min.js,/wp-includes/blocks/navigation/view.min.js,9265,be4b878f9860af3e4c5adbcdb5a93132
png,flight-path-on-transparent-d.png,/wp-content/themes/twentytwentytwo/assets/images/flight-path-on-transparent-d.png,103639,0204c955f1296a87f0c40222e759c19b
unknown,resources_e508c09c8a8559cdcd46a40a4938724910c1df1ae226fcfb33248452c90810be,,167241,27e049cd8f2379b2876084188e18c071
xml,wlwmanifest.xml,/wp-includes/wlwmanifest.xml,1045,dfd490b6f383ea02a269031ff05e8896
css,style.css,/wp-content/themes/twentytwentytwo/style.css,5608,40af198ea2aba3229433a856f573cdff
