css,css_R_6vm3WffQ760L7tOso1MrCvb2yhkuMBF96k0UhZ_dw.css,/sites/default/files/css/css_R_6vm3WffQ760L7tOso1MrCvb2yhkuMBF96k0UhZ_dw.css,9030,0590ea7d6a1e78c930114878d6e7d107
css,css_Z5jMg7P_bjcW9iUzujI7oaechMyxQTUqZhHJ_aYSq04.css,/sites/default/files/css/css_Z5jMg7P_bjcW9iUzujI7oaechMyxQTUqZhHJ_aYSq04.css,509,969019288afc81908e3222f1811d6f0c
ico,favicon.ico,/core/misc/favicon.ico,5430,cf2445dcb53a031c02f9b57e2199bc03
unknown,resources_daaeaa9f4ef800994d7d96a54f8ee362e70ae68a062b1ddbba62f0066c94fb68,/,8706,003e160fc131dc8610d7a561e2df86b7
svg,logo.svg,/core/themes/bartik/logo.svg,3810,d6f7e63121cf4d076ec8a9782b77e4d4
unknown,resources_daaeaa9f4ef800994d7d96a54f8ee362e70ae68a062b1ddbba62f0066c94fb68,/,8706,003e160fc131dc8610d7a561e2df86b7
unknown,resources_daaeaa9f4ef800994d7d96a54f8ee362e70ae68a062b1ddbba62f0066c94fb68,/contact,12104,8df5c8219fc31f1dbe54311ecda1b347
unknown,resources_daaeaa9f4ef800994d7d96a54f8ee362e70ae68a062b1ddbba62f0066c94fb68,/,8706,003e160fc131dc8610d7a561e2df86b7
unknown,resources_daaeaa9f4ef800994d7d96a54f8ee362e70ae68a062b1ddbba62f0066c94fb68,/,8706,003e160fc131dc8610d7a561e2df86b7
unknown,resources_daaeaa9f4ef800994d7d96a54f8ee362e70ae68a062b1ddbba62f0066c94fb68,/,8706,003e160fc131dc8610d7a561e2df86b7
unknown,resources_daaeaa9f4ef800994d7d96a54f8ee362e70ae68a062b1ddbba62f0066c94fb68,/,8706,003e160fc131dc8610d7a561e2df86b7
unknown,resources_daaeaa9f4ef800994d7d96a54f8ee362e70ae68a062b1ddbba62f0066c94fb68,/,8706,003e160fc131dc8610d7a561e2df86b7
unknown,resources_daaeaa9f4ef800994d7d96a54f8ee362e70ae68a062b1ddbba62f0066c94fb68,/user/login,11011,b49bdaab89db458a5cdb867639f8240b
unknown,resources_daaeaa9f4ef800994d7d96a54f8ee362e70ae68a062b1ddbba62f0066c94fb68,/,8706,003e160fc131dc8610d7a561e2df86b7
css,css_1Vs-se15DhDFHRhxIEwgG9PQN6dfdJOpBMSoiTWSv9Q.css,/sites/default/files/css/css_1Vs-se15DhDFHRhxIEwgG9PQN6dfdJOpBMSoiTWSv9Q.css,53483,47a272aa830503620ef23d99f1db1d77
xml,rss.xml,/rss.xml,306,f3760ac46d8fe558ed8bf6eb657bd2ff
