unknown,resources_25ece72a065e3fc16acec190f4b364b26546614f3dfe3127ec4dfb8f7777a53c,/,43304,d39be675a6f60960785a0ab0502ea347
unknown,resources_25ece72a065e3fc16acec190f4b364b26546614f3dfe3127ec4dfb8f7777a53c,/,1604,b7990778609b1d60ada7343f885c6081
js,view.min.js,/wp-includes/blocks/navigation/view.min.js,1136,8148e11032e3171ab693a8a587eabae8
js,view-modal.min.js,/wp-includes/blocks/navigation/view-modal.min.js,7814,748ba9117d8c388ac78747c1566103f1
css,style.min.css,/wp-includes/blocks/navigation/style.min.css,16081,9a7d09a200c637f66b3e7ad0f9cf7f0c
unknown,resources_25ece72a065e3fc16acec190f4b364b26546614f3dfe3127ec4dfb8f7777a53c,/,61299,084208dca99016de7daf300db832e3a1
php,xmlrpc.php,/xmlrpc.php,812,6c1e8f39e2d34ac0784ce2b29b292061
unknown,resources_25ece72a065e3fc16acec190f4b364b26546614f3dfe3127ec4dfb8f7777a53c,,167241,bdddb676a2127130ab82c3d1adbd265c
unknown,resources_25ece72a065e3fc16acec190f4b364b26546614f3dfe3127ec4dfb8f7777a53c,/,1593,6d9b46776f98850126546c060d30f07c
php,index.php,/index.php,168150,83c5e61a36a038a2a2ca7ce4a8934342
unknown,resources_25ece72a065e3fc16acec190f4b364b26546614f3dfe3127ec4dfb8f7777a53c,,49557,b77c6915a464f50b8dd6881718c63297
