css,css_pN_aNY_1eLt0WlUbmimNvK8eF4lkcIrV3SSIjBt5NlA.css,/sites/default/files/css/css_pN_aNY_1eLt0WlUbmimNvK8eF4lkcIrV3SSIjBt5NlA.css,9159,93572fa49b3ac10b884c5592363c3077
css,css_Z5jMg7P_bjcW9iUzujI7oaechMyxQTUqZhHJ_aYSq04.css,/sites/default/files/css/css_Z5jMg7P_bjcW9iUzujI7oaechMyxQTUqZhHJ_aYSq04.css,509,969019288afc81908e3222f1811d6f0c
ico,favicon.ico,/core/misc/favicon.ico,5430,cf2445dcb53a031c02f9b57e2199bc03
unknown,resources_87058b304553ff935842e4e7da1ae08a4aedb7eb58b5792259de086e3f415860,/,8762,c370da42f1bbfbdaf1ea9c6c08665c34
svg,logo.svg,/core/themes/bartik/logo.svg,3810,d6f7e63121cf4d076ec8a9782b77e4d4
unknown,resources_87058b304553ff935842e4e7da1ae08a4aedb7eb58b5792259de086e3f415860,/,8762,c370da42f1bbfbdaf1ea9c6c08665c34
unknown,resources_87058b304553ff935842e4e7da1ae08a4aedb7eb58b5792259de086e3f415860,/contact,12629,f53b1b7ed35f1cbc4c85656fe18d3e33
unknown,resources_87058b304553ff935842e4e7da1ae08a4aedb7eb58b5792259de086e3f415860,/,8762,c370da42f1bbfbdaf1ea9c6c08665c34
xml,rss.xml,/rss.xml,306,10aad52eba0b24eced76e08b884a4de7
unknown,resources_87058b304553ff935842e4e7da1ae08a4aedb7eb58b5792259de086e3f415860,/,8762,c370da42f1bbfbdaf1ea9c6c08665c34
unknown,resources_87058b304553ff935842e4e7da1ae08a4aedb7eb58b5792259de086e3f415860,/,8762,c370da42f1bbfbdaf1ea9c6c08665c34
unknown,resources_87058b304553ff935842e4e7da1ae08a4aedb7eb58b5792259de086e3f415860,/,8762,c370da42f1bbfbdaf1ea9c6c08665c34
css,css_s1jdjL0WX30PFcdBg_N5CT5PqBGs4RrGRRzAlqKNyjI.css,/sites/default/files/css/css_s1jdjL0WX30PFcdBg_N5CT5PqBGs4RrGRRzAlqKNyjI.css,53663,d27d62337382296390468599bd709a7b
unknown,resources_87058b304553ff935842e4e7da1ae08a4aedb7eb58b5792259de086e3f415860,/,8762,c370da42f1bbfbdaf1ea9c6c08665c34
unknown,resources_87058b304553ff935842e4e7da1ae08a4aedb7eb58b5792259de086e3f415860,/user/login,11067,340209385538390e6895048632951ca9
unknown,resources_87058b304553ff935842e4e7da1ae08a4aedb7eb58b5792259de086e3f415860,/,8762,c370da42f1bbfbdaf1ea9c6c08665c34
