css,css_pN_aNY_1eLt0WlUbmimNvK8eF4lkcIrV3SSIjBt5NlA.css,/sites/default/files/css/css_pN_aNY_1eLt0WlUbmimNvK8eF4lkcIrV3SSIjBt5NlA.css,9159,93572fa49b3ac10b884c5592363c3077
css,css_Z5jMg7P_bjcW9iUzujI7oaechMyxQTUqZhHJ_aYSq04.css,/sites/default/files/css/css_Z5jMg7P_bjcW9iUzujI7oaechMyxQTUqZhHJ_aYSq04.css,509,969019288afc81908e3222f1811d6f0c
ico,favicon.ico,/core/misc/favicon.ico,5430,cf2445dcb53a031c02f9b57e2199bc03
unknown,resources_bff6aa89afd80215b8b3a319ec99a98ef7466c57af91134b7db56dced7636766,/,8762,e9d5c36d08bbdaff233545b8f34a0f18
svg,logo.svg,/core/themes/bartik/logo.svg,3810,d6f7e63121cf4d076ec8a9782b77e4d4
unknown,resources_bff6aa89afd80215b8b3a319ec99a98ef7466c57af91134b7db56dced7636766,/,8762,e9d5c36d08bbdaff233545b8f34a0f18
unknown,resources_bff6aa89afd80215b8b3a319ec99a98ef7466c57af91134b7db56dced7636766,/contact,12629,cfb625c1c63986e3c5259e0e09526913
unknown,resources_bff6aa89afd80215b8b3a319ec99a98ef7466c57af91134b7db56dced7636766,/,8762,e9d5c36d08bbdaff233545b8f34a0f18
unknown,resources_bff6aa89afd80215b8b3a319ec99a98ef7466c57af91134b7db56dced7636766,/,8762,e9d5c36d08bbdaff233545b8f34a0f18
xml,rss.xml,/rss.xml,306,9c3c888b69f4683561c20b4c7753a960
unknown,resources_bff6aa89afd80215b8b3a319ec99a98ef7466c57af91134b7db56dced7636766,/,8762,e9d5c36d08bbdaff233545b8f34a0f18
unknown,resources_bff6aa89afd80215b8b3a319ec99a98ef7466c57af91134b7db56dced7636766,/,8762,e9d5c36d08bbdaff233545b8f34a0f18
css,css_s1jdjL0WX30PFcdBg_N5CT5PqBGs4RrGRRzAlqKNyjI.css,/sites/default/files/css/css_s1jdjL0WX30PFcdBg_N5CT5PqBGs4RrGRRzAlqKNyjI.css,53663,d27d62337382296390468599bd709a7b
unknown,resources_bff6aa89afd80215b8b3a319ec99a98ef7466c57af91134b7db56dced7636766,/,8762,e9d5c36d08bbdaff233545b8f34a0f18
unknown,resources_bff6aa89afd80215b8b3a319ec99a98ef7466c57af91134b7db56dced7636766,/user/login,11067,7f1b50925e3433f02f915fb0791790dd
unknown,resources_bff6aa89afd80215b8b3a319ec99a98ef7466c57af91134b7db56dced7636766,/,8762,e9d5c36d08bbdaff233545b8f34a0f18
