css,css_Z5jMg7P_bjcW9iUzujI7oaechMyxQTUqZhHJ_aYSq04.css,/sites/default/files/css/css_Z5jMg7P_bjcW9iUzujI7oaechMyxQTUqZhHJ_aYSq04.css,509,969019288afc81908e3222f1811d6f0c
ico,favicon.ico,/core/misc/favicon.ico,5430,cf2445dcb53a031c02f9b57e2199bc03
unknown,resources_cb21eb2e381b53ebb1bf316e9a1583c1dba95a9bc2bb91126106103c6059021f,/,8482,98d2ac597f3bec7d831e206edc17f646
svg,logo.svg,/core/themes/bartik/logo.svg,3810,d6f7e63121cf4d076ec8a9782b77e4d4
xml,rss.xml,/rss.xml,306,25a8ac0562da2b6a16d5733862d37a7e
unknown,resources_cb21eb2e381b53ebb1bf316e9a1583c1dba95a9bc2bb91126106103c6059021f,/,8482,98d2ac597f3bec7d831e206edc17f646
unknown,resources_cb21eb2e381b53ebb1bf316e9a1583c1dba95a9bc2bb91126106103c6059021f,/contact,12000,9b8d26809e300d26f5f3e30be38df2fb
unknown,resources_cb21eb2e381b53ebb1bf316e9a1583c1dba95a9bc2bb91126106103c6059021f,/,8482,98d2ac597f3bec7d831e206edc17f646
unknown,resources_cb21eb2e381b53ebb1bf316e9a1583c1dba95a9bc2bb91126106103c6059021f,/,8482,98d2ac597f3bec7d831e206edc17f646
unknown,resources_cb21eb2e381b53ebb1bf316e9a1583c1dba95a9bc2bb91126106103c6059021f,/,8482,98d2ac597f3bec7d831e206edc17f646
unknown,resources_cb21eb2e381b53ebb1bf316e9a1583c1dba95a9bc2bb91126106103c6059021f,/,8482,98d2ac597f3bec7d831e206edc17f646
css,css_3lBjB9LxWGvT5F_MnCGazkuov6eT9QNhKr0hGqtNWTk.css,/sites/default/files/css/css_3lBjB9LxWGvT5F_MnCGazkuov6eT9QNhKr0hGqtNWTk.css,9029,52c97059efbbf12550a2c4120df1944d
unknown,resources_cb21eb2e381b53ebb1bf316e9a1583c1dba95a9bc2bb91126106103c6059021f,/,8482,98d2ac597f3bec7d831e206edc17f646
unknown,resources_cb21eb2e381b53ebb1bf316e9a1583c1dba95a9bc2bb91126106103c6059021f,/user/login,10907,3041d295d2456c4875e9c6532e49f6f3
unknown,resources_cb21eb2e381b53ebb1bf316e9a1583c1dba95a9bc2bb91126106103c6059021f,/,8482,98d2ac597f3bec7d831e206edc17f646
css,css_HR_ipD6kyBPC5018EaL_yGEj_81gdus6xeYq9sOaTe4.css,/sites/default/files/css/css_HR_ipD6kyBPC5018EaL_yGEj_81gdus6xeYq9sOaTe4.css,53111,ee5616713621e825d1a05e0bf373664e
