xml,wlwmanifest.xml,/wp-includes/wlwmanifest.xml,1045,dfd490b6f383ea02a269031ff05e8896
unknown,resources_9d92602bb89802163a1a0c58c91b161ca48a4ea61ff32dca95250e799907f657,/,167241,27e049cd8f2379b2876084188e18c071
css,style.css,/wp-content/themes/twentytwentyone/style.css,155216,1c4e1e6e3466e36106589483aa65568d
css,print.css,/wp-content/themes/twentytwentyone/assets/css/print.css,2897,e8e8832f251be73550f32c605bc94036
unknown,resources_9d92602bb89802163a1a0c58c91b161ca48a4ea61ff32dca95250e799907f657,,167241,27e049cd8f2379b2876084188e18c071
php,xmlrpc.php,/xmlrpc.php,812,5f30048fdc5d894b1d4e85da27a1f9e6
unknown,resources_9d92602bb89802163a1a0c58c91b161ca48a4ea61ff32dca95250e799907f657,/,13267,1bcbc9ff32e452398ee646e66cae335b
unknown,resources_9d92602bb89802163a1a0c58c91b161ca48a4ea61ff32dca95250e799907f657,/,1623,918957a9caf9ecf67a4b6a8d58ced524
js,wp-embed.min.js,/wp-includes/js/wp-embed.min.js,1426,905225d5711b559d3092387d5ffbedbd
unknown,resources_9d92602bb89802163a1a0c58c91b161ca48a4ea61ff32dca95250e799907f657,/,8938,0e926bea0313b941928c2bf464dd626b
unknown,resources_9d92602bb89802163a1a0c58c91b161ca48a4ea61ff32dca95250e799907f657,/,1620,a4a8a20733929b1f1016c6e0d3d3b468
unknown,resources_9d92602bb89802163a1a0c58c91b161ca48a4ea61ff32dca95250e799907f657,/,13267,1bcbc9ff32e452398ee646e66cae335b
php,index.php,/index.php,98508,ed097491419f47b97bb330d31d97dfa7
css,style.min.css,/wp-includes/css/dist/block-library/style.min.css,58209,021c54c9b815e9b8d82b55636516ab7b
css,theme.min.css,/wp-includes/css/dist/block-library/theme.min.css,2714,087102ecb9f9971d052fddc91ecc63e9
unknown,resources_9d92602bb89802163a1a0c58c91b161ca48a4ea61ff32dca95250e799907f657,/,8391,2c0ed6481ee5fc09d2998cdda365f953
js,responsive-embeds.js,/wp-content/themes/twentytwentyone/assets/js/responsive-embeds.js,1127,75d7822d25873fd727beecf0744affa4
