css,css_Z5jMg7P_bjcW9iUzujI7oaechMyxQTUqZhHJ_aYSq04.css,/sites/default/files/css/css_Z5jMg7P_bjcW9iUzujI7oaechMyxQTUqZhHJ_aYSq04.css,509,969019288afc81908e3222f1811d6f0c
ico,favicon.ico,/core/misc/favicon.ico,5430,cf2445dcb53a031c02f9b57e2199bc03
unknown,resources_7ee2aff94334f1e48ec8fe624c09d9d3c5a60b92a94405ecce57254c27c0d616,/,8479,7a4c7170f56ac7b6a04a58af500e7b80
svg,logo.svg,/core/themes/bartik/logo.svg,3810,d6f7e63121cf4d076ec8a9782b77e4d4
unknown,resources_7ee2aff94334f1e48ec8fe624c09d9d3c5a60b92a94405ecce57254c27c0d616,/,8479,7a4c7170f56ac7b6a04a58af500e7b80
unknown,resources_7ee2aff94334f1e48ec8fe624c09d9d3c5a60b92a94405ecce57254c27c0d616,/contact,11997,fbf9b1408e9537bc093e33f775e63fa9
unknown,resources_7ee2aff94334f1e48ec8fe624c09d9d3c5a60b92a94405ecce57254c27c0d616,/,8479,7a4c7170f56ac7b6a04a58af500e7b80
unknown,resources_7ee2aff94334f1e48ec8fe624c09d9d3c5a60b92a94405ecce57254c27c0d616,/,8479,7a4c7170f56ac7b6a04a58af500e7b80
unknown,resources_7ee2aff94334f1e48ec8fe624c09d9d3c5a60b92a94405ecce57254c27c0d616,/,8479,7a4c7170f56ac7b6a04a58af500e7b80
css,css_db780UW6-dY2InBFRhzfTqDRI5ukd_X9A_JuOqOPHX4.css,/sites/default/files/css/css_db780UW6-dY2InBFRhzfTqDRI5ukd_X9A_JuOqOPHX4.css,51688,a79b11223b9ca6a43c9a411182fb82fb
unknown,resources_7ee2aff94334f1e48ec8fe624c09d9d3c5a60b92a94405ecce57254c27c0d616,/,8479,7a4c7170f56ac7b6a04a58af500e7b80
xml,rss.xml,/rss.xml,306,20566152856fd9bd4c02b475571fceba
css,css_3lBjB9LxWGvT5F_MnCGazkuov6eT9QNhKr0hGqtNWTk.css,/sites/default/files/css/css_3lBjB9LxWGvT5F_MnCGazkuov6eT9QNhKr0hGqtNWTk.css,9029,52c97059efbbf12550a2c4120df1944d
unknown,resources_7ee2aff94334f1e48ec8fe624c09d9d3c5a60b92a94405ecce57254c27c0d616,/,8479,7a4c7170f56ac7b6a04a58af500e7b80
unknown,resources_7ee2aff94334f1e48ec8fe624c09d9d3c5a60b92a94405ecce57254c27c0d616,/user/login,10904,7e666a8c0d123a03af1e9b714646541c
unknown,resources_7ee2aff94334f1e48ec8fe624c09d9d3c5a60b92a94405ecce57254c27c0d616,/,8479,7a4c7170f56ac7b6a04a58af500e7b80
