unknown,resources_73a99838499f6c464509aa1f0dbf3f0653cf493db67385a6bcb2e04e7fb03b57,/,30638,2b9d28b95ea1559df787ba7a75d18e67
unknown,resources_73a99838499f6c464509aa1f0dbf3f0653cf493db67385a6bcb2e04e7fb03b57,/,25727,98ce2f719f6cfeea49edd081dc0a41bc
unknown,resources_73a99838499f6c464509aa1f0dbf3f0653cf493db67385a6bcb2e04e7fb03b57,/,26052,910456a81bd0de21164a1ad27cfb9da2
unknown,resources_73a99838499f6c464509aa1f0dbf3f0653cf493db67385a6bcb2e04e7fb03b57,/,167241,27e049cd8f2379b2876084188e18c071
xml,wlwmanifest.xml,/wp-includes/wlwmanifest.xml,1045,dfd490b6f383ea02a269031ff05e8896
unknown,resources_73a99838499f6c464509aa1f0dbf3f0653cf493db67385a6bcb2e04e7fb03b57,,167241,bdddb676a2127130ab82c3d1adbd265c
unknown,resources_73a99838499f6c464509aa1f0dbf3f0653cf493db67385a6bcb2e04e7fb03b57,/,1608,f191d77990f056cc78a7d127babfe430
unknown,resources_73a99838499f6c464509aa1f0dbf3f0653cf493db67385a6bcb2e04e7fb03b57,/,25727,98ce2f719f6cfeea49edd081dc0a41bc
php,xmlrpc.php,/xmlrpc.php,812,1bbc5661eadbbd3dc2876a5cd63d1e5b
php,wp-login.php,/wp-login.php,4814,98791fe63c1958fb8cb2554b64a51da5
unknown,resources_73a99838499f6c464509aa1f0dbf3f0653cf493db67385a6bcb2e04e7fb03b57,/,30638,2b9d28b95ea1559df787ba7a75d18e67
css,style.min.css,/wp-includes/css/dist/block-library/style.min.css,41467,9eeddc51b0b4a2580a959042d50f826e
unknown,resources_73a99838499f6c464509aa1f0dbf3f0653cf493db67385a6bcb2e04e7fb03b57,/xfn/11,5842,e7a5e426b65fc6d58fcb3d43a414f01c
unknown,resources_73a99838499f6c464509aa1f0dbf3f0653cf493db67385a6bcb2e04e7fb03b57,/,30638,2b9d28b95ea1559df787ba7a75d18e67
js,wp-embed.min.js,/wp-includes/js/wp-embed.min.js,1399,04133d37cfd0f08267530b905a5ffff3
js,index.js,/wp-content/themes/twentytwenty/assets/js/index.js,29485,04b4a23a4412c2cf023ddc4f17230628
php,index.php,/index.php,76383,c8cfca60b01d41697672a464f8c6058c
unknown,resources_73a99838499f6c464509aa1f0dbf3f0653cf493db67385a6bcb2e04e7fb03b57,/,1632,7acc8a7f9c2ced39b86a58a0923ce7e5
unknown,resources_73a99838499f6c464509aa1f0dbf3f0653cf493db67385a6bcb2e04e7fb03b57,/,26258,97d5723958bf8853458a8764c47a3548
css,print.css,/wp-content/themes/twentytwenty/print.css,2574,374837a28a67bfec747ebdddfbc7be5e
unknown,resources_73a99838499f6c464509aa1f0dbf3f0653cf493db67385a6bcb2e04e7fb03b57,/,22587,09cb9027c19f9c4a0fd14693a8988c83
unknown,resources_73a99838499f6c464509aa1f0dbf3f0653cf493db67385a6bcb2e04e7fb03b57,/,26300,aa041c089ce7e24ee63072307f44698a
css,style.css,/wp-content/themes/twentytwenty/style.css,118104,5366d16229c8aa796f772121871ef530
unknown,resources_73a99838499f6c464509aa1f0dbf3f0653cf493db67385a6bcb2e04e7fb03b57,/,25727,98ce2f719f6cfeea49edd081dc0a41bc
