ico,favicon.ico,/core/misc/favicon.ico,5430,cf2445dcb53a031c02f9b57e2199bc03
xml,rss.xml,/rss.xml,292,94ef0f85cb28edde7badffdea8d19a95
unknown,resources_8061c47a34fedb4c552acd4131a6b7b3dd890f15b9894aeec70d970a6554a199,/,8756,0e6481569a02219addf84d298fd04c4b
svg,logo.svg,/core/themes/bartik/logo.svg,3810,d6f7e63121cf4d076ec8a9782b77e4d4
css,css_Z5jMg7P_bjcW9iUzujI7oaechMyxQTUqZhHJ_aYSq04.css,/sites/default/files/css/css_Z5jMg7P_bjcW9iUzujI7oaechMyxQTUqZhHJ_aYSq04.css,509,969019288afc81908e3222f1811d6f0c
unknown,resources_8061c47a34fedb4c552acd4131a6b7b3dd890f15b9894aeec70d970a6554a199,/,8756,0e6481569a02219addf84d298fd04c4b
unknown,resources_8061c47a34fedb4c552acd4131a6b7b3dd890f15b9894aeec70d970a6554a199,/contact,12656,ac775aea2b251533432dd18afc4f674e
unknown,resources_8061c47a34fedb4c552acd4131a6b7b3dd890f15b9894aeec70d970a6554a199,/,8756,0e6481569a02219addf84d298fd04c4b
css,css_pN_aNY_1eLt0WlUbmimNvK8eF4lkcIrV3SSIjBt5NlA.css,/sites/default/files/css/css_pN_aNY_1eLt0WlUbmimNvK8eF4lkcIrV3SSIjBt5NlA.css,9159,93572fa49b3ac10b884c5592363c3077
unknown,resources_8061c47a34fedb4c552acd4131a6b7b3dd890f15b9894aeec70d970a6554a199,/,8756,0e6481569a02219addf84d298fd04c4b
unknown,resources_8061c47a34fedb4c552acd4131a6b7b3dd890f15b9894aeec70d970a6554a199,/,8756,0e6481569a02219addf84d298fd04c4b
css,css_7bokDgM4q5HWKOoHQPGb4sHfgE0k47epGH29WsdKRQE.css,/sites/default/files/css/css_7bokDgM4q5HWKOoHQPGb4sHfgE0k47epGH29WsdKRQE.css,53642,acf7a082f196874a7745eef75117900d
unknown,resources_8061c47a34fedb4c552acd4131a6b7b3dd890f15b9894aeec70d970a6554a199,/,8756,0e6481569a02219addf84d298fd04c4b
unknown,resources_8061c47a34fedb4c552acd4131a6b7b3dd890f15b9894aeec70d970a6554a199,/,8756,0e6481569a02219addf84d298fd04c4b
unknown,resources_8061c47a34fedb4c552acd4131a6b7b3dd890f15b9894aeec70d970a6554a199,/user/login,11061,12e3ac4a592a325a5c5ea0da0ae48e81
unknown,resources_8061c47a34fedb4c552acd4131a6b7b3dd890f15b9894aeec70d970a6554a199,/,8756,0e6481569a02219addf84d298fd04c4b
