css,css_R_6vm3WffQ760L7tOso1MrCvb2yhkuMBF96k0UhZ_dw.css,/sites/default/files/css/css_R_6vm3WffQ760L7tOso1MrCvb2yhkuMBF96k0UhZ_dw.css,9030,0590ea7d6a1e78c930114878d6e7d107
css,css_Z5jMg7P_bjcW9iUzujI7oaechMyxQTUqZhHJ_aYSq04.css,/sites/default/files/css/css_Z5jMg7P_bjcW9iUzujI7oaechMyxQTUqZhHJ_aYSq04.css,509,969019288afc81908e3222f1811d6f0c
ico,favicon.ico,/core/misc/favicon.ico,5430,cf2445dcb53a031c02f9b57e2199bc03
unknown,resources_18e1e4b2f94a7778dc0ac71c6e65a492cc437b258c9bc834a5f78e4e79086481,/,8706,e99336fec3f39e90d6f14851bcef30e0
svg,logo.svg,/core/themes/bartik/logo.svg,3810,d6f7e63121cf4d076ec8a9782b77e4d4
unknown,resources_18e1e4b2f94a7778dc0ac71c6e65a492cc437b258c9bc834a5f78e4e79086481,/,8706,e99336fec3f39e90d6f14851bcef30e0
unknown,resources_18e1e4b2f94a7778dc0ac71c6e65a492cc437b258c9bc834a5f78e4e79086481,/contact,12104,419fe42d3013482bb51ada80ad8d7c2a
unknown,resources_18e1e4b2f94a7778dc0ac71c6e65a492cc437b258c9bc834a5f78e4e79086481,/,8706,e99336fec3f39e90d6f14851bcef30e0
unknown,resources_18e1e4b2f94a7778dc0ac71c6e65a492cc437b258c9bc834a5f78e4e79086481,/,8706,e99336fec3f39e90d6f14851bcef30e0
unknown,resources_18e1e4b2f94a7778dc0ac71c6e65a492cc437b258c9bc834a5f78e4e79086481,/,8706,e99336fec3f39e90d6f14851bcef30e0
unknown,resources_18e1e4b2f94a7778dc0ac71c6e65a492cc437b258c9bc834a5f78e4e79086481,/,8706,e99336fec3f39e90d6f14851bcef30e0
unknown,resources_18e1e4b2f94a7778dc0ac71c6e65a492cc437b258c9bc834a5f78e4e79086481,/,8706,e99336fec3f39e90d6f14851bcef30e0
xml,rss.xml,/rss.xml,306,e8a4c91a8674cfed5f06d008ecd3b2fd
unknown,resources_18e1e4b2f94a7778dc0ac71c6e65a492cc437b258c9bc834a5f78e4e79086481,/user/login,11011,6976a6df4dd43c7dc2d9dca14c02780b
unknown,resources_18e1e4b2f94a7778dc0ac71c6e65a492cc437b258c9bc834a5f78e4e79086481,/,8706,e99336fec3f39e90d6f14851bcef30e0
css,css_1Vs-se15DhDFHRhxIEwgG9PQN6dfdJOpBMSoiTWSv9Q.css,/sites/default/files/css/css_1Vs-se15DhDFHRhxIEwgG9PQN6dfdJOpBMSoiTWSv9Q.css,53483,47a272aa830503620ef23d99f1db1d77
