ico,favicon.ico,/core/misc/favicon.ico,5430,cf2445dcb53a031c02f9b57e2199bc03
unknown,resources_8a64b1597bcee102f5ba08369d19535c316eb1d0b64a4d8dcfaf6aa6de4a3119,/,8625,569f89bf32ca6d25274ba1d3bee22ca8
svg,logo.svg,/core/themes/bartik/logo.svg,3810,d6f7e63121cf4d076ec8a9782b77e4d4
css,css_Z5jMg7P_bjcW9iUzujI7oaechMyxQTUqZhHJ_aYSq04.css,/sites/default/files/css/css_Z5jMg7P_bjcW9iUzujI7oaechMyxQTUqZhHJ_aYSq04.css,509,969019288afc81908e3222f1811d6f0c
css,css_3V6J_r_PTht_o1AwEAK5H1GPwWEaEBu0a2228ToEXnc.css,/sites/default/files/css/css_3V6J_r_PTht_o1AwEAK5H1GPwWEaEBu0a2228ToEXnc.css,53996,37a7e3504f7004670855b6a8121196d0
unknown,resources_8a64b1597bcee102f5ba08369d19535c316eb1d0b64a4d8dcfaf6aa6de4a3119,/contact,12525,bba914467f57b6761dace96a2b64baf8
unknown,resources_8a64b1597bcee102f5ba08369d19535c316eb1d0b64a4d8dcfaf6aa6de4a3119,/,8625,569f89bf32ca6d25274ba1d3bee22ca8
unknown,resources_8a64b1597bcee102f5ba08369d19535c316eb1d0b64a4d8dcfaf6aa6de4a3119,/,8625,569f89bf32ca6d25274ba1d3bee22ca8
unknown,resources_8a64b1597bcee102f5ba08369d19535c316eb1d0b64a4d8dcfaf6aa6de4a3119,/,8625,569f89bf32ca6d25274ba1d3bee22ca8
unknown,resources_8a64b1597bcee102f5ba08369d19535c316eb1d0b64a4d8dcfaf6aa6de4a3119,/,8625,569f89bf32ca6d25274ba1d3bee22ca8
unknown,resources_8a64b1597bcee102f5ba08369d19535c316eb1d0b64a4d8dcfaf6aa6de4a3119,/,8625,569f89bf32ca6d25274ba1d3bee22ca8
unknown,resources_8a64b1597bcee102f5ba08369d19535c316eb1d0b64a4d8dcfaf6aa6de4a3119,/,8625,569f89bf32ca6d25274ba1d3bee22ca8
css,css_Tn5FqQpbAuJTlGtyYI4ci5-b8QvV3HAIFvr9X5y57nE.css,/sites/default/files/css/css_Tn5FqQpbAuJTlGtyYI4ci5-b8QvV3HAIFvr9X5y57nE.css,8989,5fabb28b0a04b273c86adfc7aa9ebbd5
unknown,resources_8a64b1597bcee102f5ba08369d19535c316eb1d0b64a4d8dcfaf6aa6de4a3119,/user/login,10930,40963e029424273b7001653082393005
unknown,resources_8a64b1597bcee102f5ba08369d19535c316eb1d0b64a4d8dcfaf6aa6de4a3119,/,8625,569f89bf32ca6d25274ba1d3bee22ca8
xml,rss.xml,/rss.xml,292,ce8217ef5c1ad63753cf27842c4fdbe7
