css,css_Z5jMg7P_bjcW9iUzujI7oaechMyxQTUqZhHJ_aYSq04.css,/sites/default/files/css/css_Z5jMg7P_bjcW9iUzujI7oaechMyxQTUqZhHJ_aYSq04.css,509,969019288afc81908e3222f1811d6f0c
ico,favicon.ico,/core/misc/favicon.ico,5430,cf2445dcb53a031c02f9b57e2199bc03
unknown,resources_faf0aab0941d4087869c570385d1ea438daf9460e568554317cf650d571f0f41,/,8506,c5d57eb6f6ce3568df207135fd6b6cee
svg,logo.svg,/core/themes/bartik/logo.svg,3810,d6f7e63121cf4d076ec8a9782b77e4d4
unknown,resources_faf0aab0941d4087869c570385d1ea438daf9460e568554317cf650d571f0f41,/,8506,c5d57eb6f6ce3568df207135fd6b6cee
unknown,resources_faf0aab0941d4087869c570385d1ea438daf9460e568554317cf650d571f0f41,/contact,11989,704a8ac60f8b9ddddc49f2c304841c9d
unknown,resources_faf0aab0941d4087869c570385d1ea438daf9460e568554317cf650d571f0f41,/,8506,c5d57eb6f6ce3568df207135fd6b6cee
unknown,resources_faf0aab0941d4087869c570385d1ea438daf9460e568554317cf650d571f0f41,/,8506,c5d57eb6f6ce3568df207135fd6b6cee
xml,rss.xml,/rss.xml,320,a59f3e56a53d5e33b79df6ce691b3b4a
unknown,resources_faf0aab0941d4087869c570385d1ea438daf9460e568554317cf650d571f0f41,/,8506,c5d57eb6f6ce3568df207135fd6b6cee
unknown,resources_faf0aab0941d4087869c570385d1ea438daf9460e568554317cf650d571f0f41,/,8506,c5d57eb6f6ce3568df207135fd6b6cee
unknown,resources_faf0aab0941d4087869c570385d1ea438daf9460e568554317cf650d571f0f41,/,8506,c5d57eb6f6ce3568df207135fd6b6cee
css,css_zK72-b6vfmaWB0-rJ1kPTuIMeQ1GMmhvuabgTvTgalg.css,/sites/default/files/css/css_zK72-b6vfmaWB0-rJ1kPTuIMeQ1GMmhvuabgTvTgalg.css,7821,885356afc1fbd1f314a1de024fccf3fa
css,css_tLRq0GlT6Z8C8Zz4LX0AGo95PZtZiO1GKtqFknqlfIk.css,/sites/default/files/css/css_tLRq0GlT6Z8C8Zz4LX0AGo95PZtZiO1GKtqFknqlfIk.css,51944,3e6b61a8b2a9fbe1a11124e80d6ee5f5
unknown,resources_faf0aab0941d4087869c570385d1ea438daf9460e568554317cf650d571f0f41,/user/login,10931,69f7e3100cc8cfd7120ae525e01d6b70
unknown,resources_faf0aab0941d4087869c570385d1ea438daf9460e568554317cf650d571f0f41,/,8506,c5d57eb6f6ce3568df207135fd6b6cee
