css,css_R_6vm3WffQ760L7tOso1MrCvb2yhkuMBF96k0UhZ_dw.css,/sites/default/files/css/css_R_6vm3WffQ760L7tOso1MrCvb2yhkuMBF96k0UhZ_dw.css,9030,0590ea7d6a1e78c930114878d6e7d107
css,css_97NGigb7VWVuTTDanLjKsObBB7Rnq8-4zw2MRgeCJ88.css,/sites/default/files/css/css_97NGigb7VWVuTTDanLjKsObBB7Rnq8-4zw2MRgeCJ88.css,53407,cc37e876226ce0fdbfb882e9db932184
css,css_Z5jMg7P_bjcW9iUzujI7oaechMyxQTUqZhHJ_aYSq04.css,/sites/default/files/css/css_Z5jMg7P_bjcW9iUzujI7oaechMyxQTUqZhHJ_aYSq04.css,509,969019288afc81908e3222f1811d6f0c
ico,favicon.ico,/core/misc/favicon.ico,5430,cf2445dcb53a031c02f9b57e2199bc03
xml,rss.xml,/rss.xml,306,df89d1edc00721335de00717f45f260e
unknown,resources_15e3db7d6a2f7f9fb872655081d794621e3f4c55424cd84a6b0bc70a8b108e1f,/,8706,d71ecef4802319e1e2bb1c6e5e65e3e5
svg,logo.svg,/core/themes/bartik/logo.svg,3810,d6f7e63121cf4d076ec8a9782b77e4d4
unknown,resources_15e3db7d6a2f7f9fb872655081d794621e3f4c55424cd84a6b0bc70a8b108e1f,/,8706,d71ecef4802319e1e2bb1c6e5e65e3e5
unknown,resources_15e3db7d6a2f7f9fb872655081d794621e3f4c55424cd84a6b0bc70a8b108e1f,/contact,12104,8c35d89902a635031a1d221e7921227e
unknown,resources_15e3db7d6a2f7f9fb872655081d794621e3f4c55424cd84a6b0bc70a8b108e1f,/,8706,d71ecef4802319e1e2bb1c6e5e65e3e5
unknown,resources_15e3db7d6a2f7f9fb872655081d794621e3f4c55424cd84a6b0bc70a8b108e1f,/,8706,d71ecef4802319e1e2bb1c6e5e65e3e5
unknown,resources_15e3db7d6a2f7f9fb872655081d794621e3f4c55424cd84a6b0bc70a8b108e1f,/,8706,d71ecef4802319e1e2bb1c6e5e65e3e5
unknown,resources_15e3db7d6a2f7f9fb872655081d794621e3f4c55424cd84a6b0bc70a8b108e1f,/,8706,d71ecef4802319e1e2bb1c6e5e65e3e5
unknown,resources_15e3db7d6a2f7f9fb872655081d794621e3f4c55424cd84a6b0bc70a8b108e1f,/,8706,d71ecef4802319e1e2bb1c6e5e65e3e5
unknown,resources_15e3db7d6a2f7f9fb872655081d794621e3f4c55424cd84a6b0bc70a8b108e1f,/user/login,11011,2069b98b20dbfea96b9b90bf62dd4c99
unknown,resources_15e3db7d6a2f7f9fb872655081d794621e3f4c55424cd84a6b0bc70a8b108e1f,/,8706,d71ecef4802319e1e2bb1c6e5e65e3e5
