unknown,resources_3fab15ecbba6373d9b0cfee2e0160dd3971f771b1758b3a74630ab4be86a8ba6,/,1620,239e74535d36f5878729b43af4c328f3
unknown,resources_3fab15ecbba6373d9b0cfee2e0160dd3971f771b1758b3a74630ab4be86a8ba6,/,47932,72b185c2f6b1aa9a6045fb9489607420
unknown,resources_3fab15ecbba6373d9b0cfee2e0160dd3971f771b1758b3a74630ab4be86a8ba6,,167241,bdddb676a2127130ab82c3d1adbd265c
woff2,SourceSerif4Variable-Roman.ttf.woff2,/wp-content/themes/twentytwentytwo/assets/fonts/SourceSerif4Variable-Roman.ttf.woff2,428448,378b83a85cfb1cb0f11ab503b0df456e
php,xmlrpc.php,/xmlrpc.php,812,2a548718e5d8ce1d77a2fcf755ac593c
css,style.css,/wp-content/themes/twentytwentytwo/style.css,5668,9057f997237cdba58e1689f9ca440004
unknown,resources_3fab15ecbba6373d9b0cfee2e0160dd3971f771b1758b3a74630ab4be86a8ba6,,43870,2b42758a464ce216c2f4090f0062857d
xml,wlwmanifest.xml,/wp-includes/wlwmanifest.xml,1045,dfd490b6f383ea02a269031ff05e8896
png,flight-path-on-transparent-d.png,/wp-content/themes/twentytwentytwo/assets/images/flight-path-on-transparent-d.png,103639,0204c955f1296a87f0c40222e759c19b
css,style.min.css,/wp-includes/blocks/navigation/style.min.css,13574,3ca7a0ba340d045734b542c616703289
php,index.php,/index.php,160243,fc41c15e17f25edaeefb6005a3d7e5af
unknown,resources_3fab15ecbba6373d9b0cfee2e0160dd3971f771b1758b3a74630ab4be86a8ba6,/,44391,8a162a8462c532ce237249e57f1c728b
unknown,resources_3fab15ecbba6373d9b0cfee2e0160dd3971f771b1758b3a74630ab4be86a8ba6,/,1623,1f4b515b79ae1d5c549106d7e32e24fe
unknown,resources_3fab15ecbba6373d9b0cfee2e0160dd3971f771b1758b3a74630ab4be86a8ba6,,167241,27e049cd8f2379b2876084188e18c071
js,view.min.js,/wp-includes/blocks/navigation/view.min.js,9265,be4b878f9860af3e4c5adbcdb5a93132
