ico,favicon.ico,/core/misc/favicon.ico,5430,cf2445dcb53a031c02f9b57e2199bc03
css,css_v18WUm75dSk_A-DeLZcRjivGVxxUXl9PCwLE_JJpyIk.css,/sites/default/files/css/css_v18WUm75dSk_A-DeLZcRjivGVxxUXl9PCwLE_JJpyIk.css,9029,f44fefced44b220298aaf7eec0c2ff1c
unknown,resources_1cca36082997ccee7acb489a7a798d92f7a8abff5c2a1170ec129db31222d5ae,/,8612,8c952929b03bfe6d1712a89e23f483fd
svg,logo.svg,/core/themes/bartik/logo.svg,3810,d6f7e63121cf4d076ec8a9782b77e4d4
css,css_Z5jMg7P_bjcW9iUzujI7oaechMyxQTUqZhHJ_aYSq04.css,/sites/default/files/css/css_Z5jMg7P_bjcW9iUzujI7oaechMyxQTUqZhHJ_aYSq04.css,509,969019288afc81908e3222f1811d6f0c
css,css_3V6J_r_PTht_o1AwEAK5H1GPwWEaEBu0a2228ToEXnc.css,/sites/default/files/css/css_3V6J_r_PTht_o1AwEAK5H1GPwWEaEBu0a2228ToEXnc.css,53996,37a7e3504f7004670855b6a8121196d0
xml,rss.xml,/rss.xml,292,b121d2d726b0a9af806f48bb5c6cd06a
unknown,resources_1cca36082997ccee7acb489a7a798d92f7a8abff5c2a1170ec129db31222d5ae,/contact,12512,73c50eeb893e8c6375886bbd76a0a717
unknown,resources_1cca36082997ccee7acb489a7a798d92f7a8abff5c2a1170ec129db31222d5ae,/,8612,8c952929b03bfe6d1712a89e23f483fd
unknown,resources_1cca36082997ccee7acb489a7a798d92f7a8abff5c2a1170ec129db31222d5ae,/,8612,8c952929b03bfe6d1712a89e23f483fd
unknown,resources_1cca36082997ccee7acb489a7a798d92f7a8abff5c2a1170ec129db31222d5ae,/,8612,8c952929b03bfe6d1712a89e23f483fd
unknown,resources_1cca36082997ccee7acb489a7a798d92f7a8abff5c2a1170ec129db31222d5ae,/,8612,8c952929b03bfe6d1712a89e23f483fd
unknown,resources_1cca36082997ccee7acb489a7a798d92f7a8abff5c2a1170ec129db31222d5ae,/,8612,8c952929b03bfe6d1712a89e23f483fd
unknown,resources_1cca36082997ccee7acb489a7a798d92f7a8abff5c2a1170ec129db31222d5ae,/,8612,8c952929b03bfe6d1712a89e23f483fd
unknown,resources_1cca36082997ccee7acb489a7a798d92f7a8abff5c2a1170ec129db31222d5ae,/user/login,10917,561f2213b4537b3507b57ec1d42c1a51
unknown,resources_1cca36082997ccee7acb489a7a798d92f7a8abff5c2a1170ec129db31222d5ae,/,8612,8c952929b03bfe6d1712a89e23f483fd
