unknown,resources_50a4ed5751564a998c160ec4760229ba113750280acdbf2b5ad18662d42f1910,/,59991,db2553579e1ea8c2a06fcaff5753d551
php,xmlrpc.php,/xmlrpc.php,812,8e90927cb32b4a9f48f61b5e3f9ceb7d
unknown,resources_50a4ed5751564a998c160ec4760229ba113750280acdbf2b5ad18662d42f1910,/,1606,0a09b85753dcacaaf0d1c6be8910d39b
css,style.min.css,/wp-includes/blocks/image/style.min.css,7049,cadbd32c2fb5384ecdbc11c6f40f7354
unknown,resources_50a4ed5751564a998c160ec4760229ba113750280acdbf2b5ad18662d42f1910,,84707,e5c3404ec5846b4df44a11d372543ce3
php,index.php,/index.php,181752,98e25e3d07bf03f296e754570def53bd
webp,windows.webp,/wp-content/themes/twentytwentyfour/assets/images/windows.webp,126244,9c8ab14e61504d8290608dd62812840d
css,style.min.css,/wp-includes/blocks/navigation/style.min.css,16484,a01294d3966fbaaaa8fb1800eb629e2a
unknown,resources_50a4ed5751564a998c160ec4760229ba113750280acdbf2b5ad18662d42f1910,,167241,bdddb676a2127130ab82c3d1adbd265c
webp,building-exterior.webp,/wp-content/themes/twentytwentyfour/assets/images/building-exterior.webp,199724,2af7c6205191cb22f5184bfb4c8e47a3
unknown,resources_50a4ed5751564a998c160ec4760229ba113750280acdbf2b5ad18662d42f1910,/,64026,9ba1e92d392e2626f4b6c43ba85f2583
unknown,resources_50a4ed5751564a998c160ec4760229ba113750280acdbf2b5ad18662d42f1910,/,63984,affdf3aab96f75b9f31e0381801795e8
js,view.min.js,/wp-includes/blocks/navigation/view.min.js,3300,1dd354b759c9108102c93d8bae0573a1
webp,tourist-and-building.webp,/wp-content/themes/twentytwentyfour/assets/images/tourist-and-building.webp,66482,7d03dae46404d16f0ee5b13cb3794a29
unknown,resources_50a4ed5751564a998c160ec4760229ba113750280acdbf2b5ad18662d42f1910,/,77009,d9ddfb09c46b35d091e9f7c1b00b3b37
unknown,resources_50a4ed5751564a998c160ec4760229ba113750280acdbf2b5ad18662d42f1910,/,1595,0a862f43a72168fb733f0e1d414d0050
unknown,resources_50a4ed5751564a998c160ec4760229ba113750280acdbf2b5ad18662d42f1910,/,84707,e5c3404ec5846b4df44a11d372543ce3
js,interactivity.min.js,/wp-includes/js/dist/interactivity.min.js,35085,dae4309ccac590262c4e6914f1bdee42
