css,css_pN_aNY_1eLt0WlUbmimNvK8eF4lkcIrV3SSIjBt5NlA.css,/sites/default/files/css/css_pN_aNY_1eLt0WlUbmimNvK8eF4lkcIrV3SSIjBt5NlA.css,9159,93572fa49b3ac10b884c5592363c3077
css,css_Z5jMg7P_bjcW9iUzujI7oaechMyxQTUqZhHJ_aYSq04.css,/sites/default/files/css/css_Z5jMg7P_bjcW9iUzujI7oaechMyxQTUqZhHJ_aYSq04.css,509,969019288afc81908e3222f1811d6f0c
ico,favicon.ico,/core/misc/favicon.ico,5430,cf2445dcb53a031c02f9b57e2199bc03
unknown,resources_9b825ed60885b5f7180597cc77606e4c20482c143d4f360537d2d16ade10e968,/,8762,d8982e7b2d86d23a07aab86cb56954a3
svg,logo.svg,/core/themes/bartik/logo.svg,3810,d6f7e63121cf4d076ec8a9782b77e4d4
unknown,resources_9b825ed60885b5f7180597cc77606e4c20482c143d4f360537d2d16ade10e968,/,8762,d8982e7b2d86d23a07aab86cb56954a3
unknown,resources_9b825ed60885b5f7180597cc77606e4c20482c143d4f360537d2d16ade10e968,/contact,12629,f8bfccd3a10208ef90e5a2730f4f7785
unknown,resources_9b825ed60885b5f7180597cc77606e4c20482c143d4f360537d2d16ade10e968,/,8762,d8982e7b2d86d23a07aab86cb56954a3
unknown,resources_9b825ed60885b5f7180597cc77606e4c20482c143d4f360537d2d16ade10e968,/,8762,d8982e7b2d86d23a07aab86cb56954a3
unknown,resources_9b825ed60885b5f7180597cc77606e4c20482c143d4f360537d2d16ade10e968,/,8762,d8982e7b2d86d23a07aab86cb56954a3
xml,rss.xml,/rss.xml,306,84ccada18876479b9694db7c29b75624
unknown,resources_9b825ed60885b5f7180597cc77606e4c20482c143d4f360537d2d16ade10e968,/,8762,d8982e7b2d86d23a07aab86cb56954a3
css,css_s1jdjL0WX30PFcdBg_N5CT5PqBGs4RrGRRzAlqKNyjI.css,/sites/default/files/css/css_s1jdjL0WX30PFcdBg_N5CT5PqBGs4RrGRRzAlqKNyjI.css,53663,d27d62337382296390468599bd709a7b
unknown,resources_9b825ed60885b5f7180597cc77606e4c20482c143d4f360537d2d16ade10e968,/,8762,d8982e7b2d86d23a07aab86cb56954a3
unknown,resources_9b825ed60885b5f7180597cc77606e4c20482c143d4f360537d2d16ade10e968,/user/login,11067,3ad811aae4de2f8ea39a7055c1020659
unknown,resources_9b825ed60885b5f7180597cc77606e4c20482c143d4f360537d2d16ade10e968,/,8762,d8982e7b2d86d23a07aab86cb56954a3
