webp,tourist-and-building.webp,/wp-content/themes/twentytwentyfour/assets/images/tourist-and-building.webp,66482,7d03dae46404d16f0ee5b13cb3794a29
css,style.min.css,/wp-includes/blocks/image/style.min.css,7049,cadbd32c2fb5384ecdbc11c6f40f7354
unknown,resources_93f24d2408e0c81c2404194585ed24e7a77fcba814b40daff8d9893f99b60a2a,/,64026,a1f24fcfc7421bdd35d08087542ff4a3
unknown,resources_93f24d2408e0c81c2404194585ed24e7a77fcba814b40daff8d9893f99b60a2a,/,1606,7fce49ec126c39bec3e1f7aef35de724
unknown,resources_93f24d2408e0c81c2404194585ed24e7a77fcba814b40daff8d9893f99b60a2a,/,59991,b8a7955266aeba9150954c024cd53b8e
php,xmlrpc.php,/xmlrpc.php,812,5b9132f20f1198323322ccbff797f954
unknown,resources_93f24d2408e0c81c2404194585ed24e7a77fcba814b40daff8d9893f99b60a2a,,84707,bccc9a9041948a998e1362eaef80ae0e
js,view.min.js,/wp-includes/blocks/navigation/view.min.js,3300,1dd354b759c9108102c93d8bae0573a1
unknown,resources_93f24d2408e0c81c2404194585ed24e7a77fcba814b40daff8d9893f99b60a2a,/,63984,98f82bb5f2643934581f708e82dad9bb
unknown,resources_93f24d2408e0c81c2404194585ed24e7a77fcba814b40daff8d9893f99b60a2a,,167241,de031c7f9d769ec18985c4ede450e984
unknown,resources_93f24d2408e0c81c2404194585ed24e7a77fcba814b40daff8d9893f99b60a2a,/,77009,fa1607f9463d2de4099cfd474a81b166
css,style.min.css,/wp-includes/blocks/navigation/style.min.css,16484,a01294d3966fbaaaa8fb1800eb629e2a
js,interactivity.min.js,/wp-includes/js/dist/interactivity.min.js,35049,34565508ca22cd9c2f60db2b9e23dd31
unknown,resources_93f24d2408e0c81c2404194585ed24e7a77fcba814b40daff8d9893f99b60a2a,/,1595,f7f2ebc9588c143d4a4c67f60bc34af4
php,index.php,/index.php,181752,1efbde45a51de9c5018443e89aeef50f
webp,windows.webp,/wp-content/themes/twentytwentyfour/assets/images/windows.webp,126244,9c8ab14e61504d8290608dd62812840d
unknown,resources_93f24d2408e0c81c2404194585ed24e7a77fcba814b40daff8d9893f99b60a2a,/,84707,bccc9a9041948a998e1362eaef80ae0e
webp,building-exterior.webp,/wp-content/themes/twentytwentyfour/assets/images/building-exterior.webp,199724,2af7c6205191cb22f5184bfb4c8e47a3
