css,css_Z5jMg7P_bjcW9iUzujI7oaechMyxQTUqZhHJ_aYSq04.css,/sites/default/files/css/css_Z5jMg7P_bjcW9iUzujI7oaechMyxQTUqZhHJ_aYSq04.css,509,969019288afc81908e3222f1811d6f0c
ico,favicon.ico,/core/misc/favicon.ico,5430,cf2445dcb53a031c02f9b57e2199bc03
unknown,resources_e13462db6eec630ff32d53f8ee6806e0387c4b9c9d10469fecafc48f02a00f8d,/,8482,94b2997cd38f29a5b0c6782d3865ba10
svg,logo.svg,/core/themes/bartik/logo.svg,3810,d6f7e63121cf4d076ec8a9782b77e4d4
unknown,resources_e13462db6eec630ff32d53f8ee6806e0387c4b9c9d10469fecafc48f02a00f8d,/,8482,94b2997cd38f29a5b0c6782d3865ba10
unknown,resources_e13462db6eec630ff32d53f8ee6806e0387c4b9c9d10469fecafc48f02a00f8d,/contact,12000,3e36e1c991b435b60f2998515a52a4a2
unknown,resources_e13462db6eec630ff32d53f8ee6806e0387c4b9c9d10469fecafc48f02a00f8d,/,8482,94b2997cd38f29a5b0c6782d3865ba10
unknown,resources_e13462db6eec630ff32d53f8ee6806e0387c4b9c9d10469fecafc48f02a00f8d,/,8482,94b2997cd38f29a5b0c6782d3865ba10
unknown,resources_e13462db6eec630ff32d53f8ee6806e0387c4b9c9d10469fecafc48f02a00f8d,/,8482,94b2997cd38f29a5b0c6782d3865ba10
unknown,resources_e13462db6eec630ff32d53f8ee6806e0387c4b9c9d10469fecafc48f02a00f8d,/,8482,94b2997cd38f29a5b0c6782d3865ba10
xml,rss.xml,/rss.xml,306,d333e2b99daccc23b7f75a76b8402f71
css,css_3lBjB9LxWGvT5F_MnCGazkuov6eT9QNhKr0hGqtNWTk.css,/sites/default/files/css/css_3lBjB9LxWGvT5F_MnCGazkuov6eT9QNhKr0hGqtNWTk.css,9029,52c97059efbbf12550a2c4120df1944d
unknown,resources_e13462db6eec630ff32d53f8ee6806e0387c4b9c9d10469fecafc48f02a00f8d,/,8482,94b2997cd38f29a5b0c6782d3865ba10
unknown,resources_e13462db6eec630ff32d53f8ee6806e0387c4b9c9d10469fecafc48f02a00f8d,/user/login,10907,cb2a407d928451cb8c0af56e76cbf6c8
unknown,resources_e13462db6eec630ff32d53f8ee6806e0387c4b9c9d10469fecafc48f02a00f8d,/,8482,94b2997cd38f29a5b0c6782d3865ba10
css,css_HR_ipD6kyBPC5018EaL_yGEj_81gdus6xeYq9sOaTe4.css,/sites/default/files/css/css_HR_ipD6kyBPC5018EaL_yGEj_81gdus6xeYq9sOaTe4.css,53111,ee5616713621e825d1a05e0bf373664e
