svg,logo.svg,/media/templates/site/cassiopeia/images/logo.svg,1731,4f7b092f38323ac84d7918c02365ddb8
svg,joomla-favicon.svg,/media/system/images/joomla-favicon.svg,1488,1b6942e22443109daea739524ab74123
php,index.php,/index.php,582,07d23c9f012b44f97bc17fe9287491d6
css,colors_standard.min.css,/media/templates/site/cassiopeia/css/global/colors_standard.min.css,106,8ce8c54c3c8f49eddfd233808df8b180
js,messages.min.js,/media/system/js/messages.min.js,5419,29393d6876c415988d12287821f432ec
ico,favicon.ico,/media/system/images/favicon.ico,2019,1194d7d32448e1f90741a97b42af91fa
js,keepalive.min.js,/media/system/js/keepalive.min.js,577,48bf89e630dce5782a6bd4126cb13a17
