ico,favicon.ico,/core/misc/favicon.ico,5430,cf2445dcb53a031c02f9b57e2199bc03
unknown,resources_9736611f7b0e0b464da294891347d0ae8b19b5dda79e61ef0540a1a3b38f9bf6,/,8756,8706d97f9f004cec03cddf056caa6f59
svg,logo.svg,/core/themes/bartik/logo.svg,3810,d6f7e63121cf4d076ec8a9782b77e4d4
css,css_Z5jMg7P_bjcW9iUzujI7oaechMyxQTUqZhHJ_aYSq04.css,/sites/default/files/css/css_Z5jMg7P_bjcW9iUzujI7oaechMyxQTUqZhHJ_aYSq04.css,509,969019288afc81908e3222f1811d6f0c
unknown,resources_9736611f7b0e0b464da294891347d0ae8b19b5dda79e61ef0540a1a3b38f9bf6,/,8756,8706d97f9f004cec03cddf056caa6f59
unknown,resources_9736611f7b0e0b464da294891347d0ae8b19b5dda79e61ef0540a1a3b38f9bf6,/contact,12656,d385e0da97fe8f505261261ac0a9902f
unknown,resources_9736611f7b0e0b464da294891347d0ae8b19b5dda79e61ef0540a1a3b38f9bf6,/,8756,8706d97f9f004cec03cddf056caa6f59
css,css_pN_aNY_1eLt0WlUbmimNvK8eF4lkcIrV3SSIjBt5NlA.css,/sites/default/files/css/css_pN_aNY_1eLt0WlUbmimNvK8eF4lkcIrV3SSIjBt5NlA.css,9159,93572fa49b3ac10b884c5592363c3077
xml,rss.xml,/rss.xml,292,513063683553598eeca9957b1fc0085b
unknown,resources_9736611f7b0e0b464da294891347d0ae8b19b5dda79e61ef0540a1a3b38f9bf6,/,8756,8706d97f9f004cec03cddf056caa6f59
unknown,resources_9736611f7b0e0b464da294891347d0ae8b19b5dda79e61ef0540a1a3b38f9bf6,/,8756,8706d97f9f004cec03cddf056caa6f59
css,css_7bokDgM4q5HWKOoHQPGb4sHfgE0k47epGH29WsdKRQE.css,/sites/default/files/css/css_7bokDgM4q5HWKOoHQPGb4sHfgE0k47epGH29WsdKRQE.css,53642,acf7a082f196874a7745eef75117900d
unknown,resources_9736611f7b0e0b464da294891347d0ae8b19b5dda79e61ef0540a1a3b38f9bf6,/,8756,8706d97f9f004cec03cddf056caa6f59
unknown,resources_9736611f7b0e0b464da294891347d0ae8b19b5dda79e61ef0540a1a3b38f9bf6,/,8756,8706d97f9f004cec03cddf056caa6f59
unknown,resources_9736611f7b0e0b464da294891347d0ae8b19b5dda79e61ef0540a1a3b38f9bf6,/user/login,11061,82daeb1bab3368edb927e841a865c90d
unknown,resources_9736611f7b0e0b464da294891347d0ae8b19b5dda79e61ef0540a1a3b38f9bf6,/,8756,8706d97f9f004cec03cddf056caa6f59
