ico,favicon.ico,/core/misc/favicon.ico,5430,cf2445dcb53a031c02f9b57e2199bc03
unknown,resources_1947597fcde182fa7fc312c48c2945f0aced3b8d1a3afdc621f671ef97b869e9,/,8777,b2a2a104913307186daffe35078291c6
svg,logo.svg,/core/themes/bartik/logo.svg,3810,d6f7e63121cf4d076ec8a9782b77e4d4
css,css_Z5jMg7P_bjcW9iUzujI7oaechMyxQTUqZhHJ_aYSq04.css,/sites/default/files/css/css_Z5jMg7P_bjcW9iUzujI7oaechMyxQTUqZhHJ_aYSq04.css,509,969019288afc81908e3222f1811d6f0c
unknown,resources_1947597fcde182fa7fc312c48c2945f0aced3b8d1a3afdc621f671ef97b869e9,/,8777,b2a2a104913307186daffe35078291c6
unknown,resources_1947597fcde182fa7fc312c48c2945f0aced3b8d1a3afdc621f671ef97b869e9,/contact,12677,d2734b6fdb0cdbc1143c60459c23a422
unknown,resources_1947597fcde182fa7fc312c48c2945f0aced3b8d1a3afdc621f671ef97b869e9,/,8777,b2a2a104913307186daffe35078291c6
css,css_pN_aNY_1eLt0WlUbmimNvK8eF4lkcIrV3SSIjBt5NlA.css,/sites/default/files/css/css_pN_aNY_1eLt0WlUbmimNvK8eF4lkcIrV3SSIjBt5NlA.css,9159,93572fa49b3ac10b884c5592363c3077
unknown,resources_1947597fcde182fa7fc312c48c2945f0aced3b8d1a3afdc621f671ef97b869e9,/,8777,b2a2a104913307186daffe35078291c6
unknown,resources_1947597fcde182fa7fc312c48c2945f0aced3b8d1a3afdc621f671ef97b869e9,/,8777,b2a2a104913307186daffe35078291c6
css,css_7bokDgM4q5HWKOoHQPGb4sHfgE0k47epGH29WsdKRQE.css,/sites/default/files/css/css_7bokDgM4q5HWKOoHQPGb4sHfgE0k47epGH29WsdKRQE.css,53642,acf7a082f196874a7745eef75117900d
xml,rss.xml,/rss.xml,292,1f33ee2035709561167b2fa1faea1ab5
unknown,resources_1947597fcde182fa7fc312c48c2945f0aced3b8d1a3afdc621f671ef97b869e9,/,8777,b2a2a104913307186daffe35078291c6
unknown,resources_1947597fcde182fa7fc312c48c2945f0aced3b8d1a3afdc621f671ef97b869e9,/,8777,b2a2a104913307186daffe35078291c6
unknown,resources_1947597fcde182fa7fc312c48c2945f0aced3b8d1a3afdc621f671ef97b869e9,/user/login,11082,ab54acd98a37886750c3b2b7b6e91657
unknown,resources_1947597fcde182fa7fc312c48c2945f0aced3b8d1a3afdc621f671ef97b869e9,/,8777,b2a2a104913307186daffe35078291c6
