css,css_Z5jMg7P_bjcW9iUzujI7oaechMyxQTUqZhHJ_aYSq04.css,/sites/default/files/css/css_Z5jMg7P_bjcW9iUzujI7oaechMyxQTUqZhHJ_aYSq04.css,509,969019288afc81908e3222f1811d6f0c
ico,favicon.ico,/core/misc/favicon.ico,5430,cf2445dcb53a031c02f9b57e2199bc03
unknown,resources_a13fde62cefa2f814b0a91551a199dc93fad6f8eb16674ffd0f94b57b49e7453,/,8506,72cdb00ee4c0ea76be5bad4919af307a
svg,logo.svg,/core/themes/bartik/logo.svg,3810,d6f7e63121cf4d076ec8a9782b77e4d4
unknown,resources_a13fde62cefa2f814b0a91551a199dc93fad6f8eb16674ffd0f94b57b49e7453,/,8506,72cdb00ee4c0ea76be5bad4919af307a
unknown,resources_a13fde62cefa2f814b0a91551a199dc93fad6f8eb16674ffd0f94b57b49e7453,/,8506,72cdb00ee4c0ea76be5bad4919af307a
unknown,resources_a13fde62cefa2f814b0a91551a199dc93fad6f8eb16674ffd0f94b57b49e7453,/,8506,72cdb00ee4c0ea76be5bad4919af307a
unknown,resources_a13fde62cefa2f814b0a91551a199dc93fad6f8eb16674ffd0f94b57b49e7453,/,8506,72cdb00ee4c0ea76be5bad4919af307a
unknown,resources_a13fde62cefa2f814b0a91551a199dc93fad6f8eb16674ffd0f94b57b49e7453,/,8506,72cdb00ee4c0ea76be5bad4919af307a
unknown,resources_a13fde62cefa2f814b0a91551a199dc93fad6f8eb16674ffd0f94b57b49e7453,/,8506,72cdb00ee4c0ea76be5bad4919af307a
css,css_zK72-b6vfmaWB0-rJ1kPTuIMeQ1GMmhvuabgTvTgalg.css,/sites/default/files/css/css_zK72-b6vfmaWB0-rJ1kPTuIMeQ1GMmhvuabgTvTgalg.css,7821,885356afc1fbd1f314a1de024fccf3fa
css,css_tLRq0GlT6Z8C8Zz4LX0AGo95PZtZiO1GKtqFknqlfIk.css,/sites/default/files/css/css_tLRq0GlT6Z8C8Zz4LX0AGo95PZtZiO1GKtqFknqlfIk.css,51944,3e6b61a8b2a9fbe1a11124e80d6ee5f5
unknown,resources_a13fde62cefa2f814b0a91551a199dc93fad6f8eb16674ffd0f94b57b49e7453,/,8506,72cdb00ee4c0ea76be5bad4919af307a
