woff2,Metropolis-SemiBold.woff2,/core/themes/olivero/fonts/metropolis/Metropolis-SemiBold.woff2,26564,10f01a9f175be51d3ec7789947142cc3
xml,rss.xml,/rss.xml,292,016afa9fe9651b17e34d2426c05fb09f
woff2,Metropolis-Regular.woff2,/core/themes/olivero/fonts/metropolis/Metropolis-Regular.woff2,16388,4a405762789758475f736592772ebfd1
js,js_5RoIl1UGyduZ9F9FxiVZRROprn8Rg9zYlXNVO50L62s.js,/sites/default/files/js/js_5RoIl1UGyduZ9F9FxiVZRROprn8Rg9zYlXNVO50L62s.js,35487,00cf71e74ac1e14b35e4f44f22ff1460
css,css_gPYZsQaPE-kCIIJkBktDwAYYrIbHdaEGZLcGweNvZBI.css,/sites/default/files/css/css_gPYZsQaPE-kCIIJkBktDwAYYrIbHdaEGZLcGweNvZBI.css,126171,7a4dbd7ac52d3e31e885ec119c00353a
unknown,resources_4bd15762e167cf49d6584f53bb7be5155709fca2d4ac98085d5624e4c1d43f32,/,16171,4333a0c5497927f728d68c9e38fcbecf
css,nav-primary-no-js.css,/core/themes/olivero/css/components/navigation/nav-primary-no-js.css,5765,4ad41a2d8548ba1ec2a39af4b35571e9
ico,favicon.ico,/core/themes/olivero/favicon.ico,4286,7cc554c336188af9c77e56e709a08f01
css,css_MT0D1GjOSbnKTUNXXsPJt0G9ZqK4uFyjcxH07I-DspQ.css,/sites/default/files/css/css_MT0D1GjOSbnKTUNXXsPJt0G9ZqK4uFyjcxH07I-DspQ.css,10989,df11c643780fb1ad6871a37390dbf4b1
unknown,resources_4bd15762e167cf49d6584f53bb7be5155709fca2d4ac98085d5624e4c1d43f32,/,16171,4333a0c5497927f728d68c9e38fcbecf
unknown,resources_4bd15762e167cf49d6584f53bb7be5155709fca2d4ac98085d5624e4c1d43f32,/,164344,e18a4f13a444114b6717ef821aa5e1b7
woff2,lora-v14-latin-regular.woff2,/core/themes/olivero/fonts/lora/lora-v14-latin-regular.woff2,24552,e4cdb14bf148f2846997a6be7ba648bd
xml,rss.xml,/rss.xml,292,016afa9fe9651b17e34d2426c05fb09f
woff2,Metropolis-Bold.woff2,/core/themes/olivero/fonts/metropolis/Metropolis-Bold.woff2,16728,6a80125e795aa81c6f251aa83e44062b
unknown,resources_4bd15762e167cf49d6584f53bb7be5155709fca2d4ac98085d5624e4c1d43f32,/user/login,17455,33475deb48caad16159aac47c5f44f55
