css,css_R_6vm3WffQ760L7tOso1MrCvb2yhkuMBF96k0UhZ_dw.css,/sites/default/files/css/css_R_6vm3WffQ760L7tOso1MrCvb2yhkuMBF96k0UhZ_dw.css,9030,0590ea7d6a1e78c930114878d6e7d107
css,css_Z5jMg7P_bjcW9iUzujI7oaechMyxQTUqZhHJ_aYSq04.css,/sites/default/files/css/css_Z5jMg7P_bjcW9iUzujI7oaechMyxQTUqZhHJ_aYSq04.css,509,969019288afc81908e3222f1811d6f0c
ico,favicon.ico,/core/misc/favicon.ico,5430,cf2445dcb53a031c02f9b57e2199bc03
unknown,resources_f6b95b4a23e1ff06219f6babbf40e9fc396dba6dafbefd2d5c046979bc681656,/,8706,c5b550bdb2fa50a3b7e8560ac9f2184b
svg,logo.svg,/core/themes/bartik/logo.svg,3810,d6f7e63121cf4d076ec8a9782b77e4d4
unknown,resources_f6b95b4a23e1ff06219f6babbf40e9fc396dba6dafbefd2d5c046979bc681656,/,8706,c5b550bdb2fa50a3b7e8560ac9f2184b
unknown,resources_f6b95b4a23e1ff06219f6babbf40e9fc396dba6dafbefd2d5c046979bc681656,/contact,12104,36fb3a449caddf05ca0ad11806cac272
unknown,resources_f6b95b4a23e1ff06219f6babbf40e9fc396dba6dafbefd2d5c046979bc681656,/,8706,c5b550bdb2fa50a3b7e8560ac9f2184b
unknown,resources_f6b95b4a23e1ff06219f6babbf40e9fc396dba6dafbefd2d5c046979bc681656,/,8706,c5b550bdb2fa50a3b7e8560ac9f2184b
unknown,resources_f6b95b4a23e1ff06219f6babbf40e9fc396dba6dafbefd2d5c046979bc681656,/,8706,c5b550bdb2fa50a3b7e8560ac9f2184b
unknown,resources_f6b95b4a23e1ff06219f6babbf40e9fc396dba6dafbefd2d5c046979bc681656,/,8706,c5b550bdb2fa50a3b7e8560ac9f2184b
xml,rss.xml,/rss.xml,306,a16eb090a294f7f9f33be763ed0d66a7
unknown,resources_f6b95b4a23e1ff06219f6babbf40e9fc396dba6dafbefd2d5c046979bc681656,/,8706,c5b550bdb2fa50a3b7e8560ac9f2184b
unknown,resources_f6b95b4a23e1ff06219f6babbf40e9fc396dba6dafbefd2d5c046979bc681656,/user/login,11011,b07c97fd92fe01f07072394d40104ba6
unknown,resources_f6b95b4a23e1ff06219f6babbf40e9fc396dba6dafbefd2d5c046979bc681656,/,8706,c5b550bdb2fa50a3b7e8560ac9f2184b
css,css_1Vs-se15DhDFHRhxIEwgG9PQN6dfdJOpBMSoiTWSv9Q.css,/sites/default/files/css/css_1Vs-se15DhDFHRhxIEwgG9PQN6dfdJOpBMSoiTWSv9Q.css,53483,47a272aa830503620ef23d99f1db1d77
