ico,favicon.ico,/core/misc/favicon.ico,5430,cf2445dcb53a031c02f9b57e2199bc03
unknown,resources_1531617d8c2755ab229800f65f6e68ac719d1e552f1698f3ee25f32a49d13456,/,8756,d71433628ae51d0689a0b7c8d012731d
svg,logo.svg,/core/themes/bartik/logo.svg,3810,d6f7e63121cf4d076ec8a9782b77e4d4
css,css_Z5jMg7P_bjcW9iUzujI7oaechMyxQTUqZhHJ_aYSq04.css,/sites/default/files/css/css_Z5jMg7P_bjcW9iUzujI7oaechMyxQTUqZhHJ_aYSq04.css,509,969019288afc81908e3222f1811d6f0c
unknown,resources_1531617d8c2755ab229800f65f6e68ac719d1e552f1698f3ee25f32a49d13456,/,8756,d71433628ae51d0689a0b7c8d012731d
unknown,resources_1531617d8c2755ab229800f65f6e68ac719d1e552f1698f3ee25f32a49d13456,/contact,12656,2d51bd5f24b711bd7270617a901f471b
unknown,resources_1531617d8c2755ab229800f65f6e68ac719d1e552f1698f3ee25f32a49d13456,/,8756,d71433628ae51d0689a0b7c8d012731d
css,css_pN_aNY_1eLt0WlUbmimNvK8eF4lkcIrV3SSIjBt5NlA.css,/sites/default/files/css/css_pN_aNY_1eLt0WlUbmimNvK8eF4lkcIrV3SSIjBt5NlA.css,9159,93572fa49b3ac10b884c5592363c3077
unknown,resources_1531617d8c2755ab229800f65f6e68ac719d1e552f1698f3ee25f32a49d13456,/,8756,d71433628ae51d0689a0b7c8d012731d
unknown,resources_1531617d8c2755ab229800f65f6e68ac719d1e552f1698f3ee25f32a49d13456,/,8756,d71433628ae51d0689a0b7c8d012731d
css,css_7bokDgM4q5HWKOoHQPGb4sHfgE0k47epGH29WsdKRQE.css,/sites/default/files/css/css_7bokDgM4q5HWKOoHQPGb4sHfgE0k47epGH29WsdKRQE.css,53642,acf7a082f196874a7745eef75117900d
unknown,resources_1531617d8c2755ab229800f65f6e68ac719d1e552f1698f3ee25f32a49d13456,/,8756,d71433628ae51d0689a0b7c8d012731d
xml,rss.xml,/rss.xml,292,fb5dd9909b6e6be2d9cfe5d9a9839395
unknown,resources_1531617d8c2755ab229800f65f6e68ac719d1e552f1698f3ee25f32a49d13456,/,8756,d71433628ae51d0689a0b7c8d012731d
unknown,resources_1531617d8c2755ab229800f65f6e68ac719d1e552f1698f3ee25f32a49d13456,/user/login,11061,23356164ac777cbd5e47d66ec9403156
unknown,resources_1531617d8c2755ab229800f65f6e68ac719d1e552f1698f3ee25f32a49d13456,/,8756,d71433628ae51d0689a0b7c8d012731d
