unknown,resources_540bb5bce50ecaa9e45263e48806235dfd550efc90b3d30778f62a2ad98cd032,/,53235,cbdf6a26d6c688dd1db17be1f60cdc55
php,index.php,/index.php,52828,22dee6b0dd609a2c22bfe73af648369a
js,jquery-migrate.min.js,/wp-includes/js/jquery/jquery-migrate.min.js,10056,7121994eec5320fbe6586463bf9651c2
unknown,resources_540bb5bce50ecaa9e45263e48806235dfd550efc90b3d30778f62a2ad98cd032,/,57421,491261f26ac94047b1c767340f4ee3b8
unknown,resources_540bb5bce50ecaa9e45263e48806235dfd550efc90b3d30778f62a2ad98cd032,/,167241,bdddb676a2127130ab82c3d1adbd265c
unknown,resources_540bb5bce50ecaa9e45263e48806235dfd550efc90b3d30778f62a2ad98cd032,,167241,bdddb676a2127130ab82c3d1adbd265c
js,wp-embed.min.js,/wp-includes/js/wp-embed.min.js,1398,5a03f97cc479b9f5d7efdaccec31bc17
jpg,header.jpg,/wp-content/themes/twentyseventeen/assets/images/header.jpg,114854,8030438c0c9b454bad3e94357cc28b51
unknown,resources_540bb5bce50ecaa9e45263e48806235dfd550efc90b3d30778f62a2ad98cd032,/xfn/11,5842,e7a5e426b65fc6d58fcb3d43a414f01c
xml,wlwmanifest.xml,/wp-includes/wlwmanifest.xml,1045,dfd490b6f383ea02a269031ff05e8896
php,wp-login.php,/wp-login.php,2253,85d35e0e9ffeed229cf3121f556ebb47
unknown,resources_540bb5bce50ecaa9e45263e48806235dfd550efc90b3d30778f62a2ad98cd032,/,1599,c603dab5a8d6a4696d47ea4baf4ea673
unknown,resources_540bb5bce50ecaa9e45263e48806235dfd550efc90b3d30778f62a2ad98cd032,/,53231,81a34e32fd5fc6da2af575719b196bcf
unknown,resources_540bb5bce50ecaa9e45263e48806235dfd550efc90b3d30778f62a2ad98cd032,/,1584,7c6ebcdda377d72403203a6e9f1d036d
unknown,resources_540bb5bce50ecaa9e45263e48806235dfd550efc90b3d30778f62a2ad98cd032,/,53235,cd8b45ad35760ff1d4a1b84bef2999f9
unknown,resources_540bb5bce50ecaa9e45263e48806235dfd550efc90b3d30778f62a2ad98cd032,/,53235,493353871f3983960eb8aad9464b61be
unknown,resources_540bb5bce50ecaa9e45263e48806235dfd550efc90b3d30778f62a2ad98cd032,/,57421,b874de500647c8446638bc4567cf5c7a
unknown,resources_540bb5bce50ecaa9e45263e48806235dfd550efc90b3d30778f62a2ad98cd032,/,53023,ee025b4e0fa9f577edf9faff6e45f3e6
js,global.js,/wp-content/themes/twentyseventeen/assets/js/global.js,7682,33e2c8ad1905b996e9026b408c2a6c6e
js,skip-link-focus-fix.js,/wp-content/themes/twentyseventeen/assets/js/skip-link-focus-fix.js,683,75abd4cd8807b312f9f7faeb77ee774b
css,style.css,/wp-content/themes/twentyseventeen/style.css,83048,a203e93eca932aef164657ace734c947
unknown,resources_540bb5bce50ecaa9e45263e48806235dfd550efc90b3d30778f62a2ad98cd032,/css,1780,2e635a881f4f57564f7ad48f03e5de02
unknown,resources_540bb5bce50ecaa9e45263e48806235dfd550efc90b3d30778f62a2ad98cd032,/,53235,1a8b2521f1a9b724a6d727c001569ec4
js,jquery.scrollTo.js,/wp-content/themes/twentyseventeen/assets/js/jquery.scrollTo.js,5836,16fb1664ddebf663a909c51d40ad7914
js,jquery.js,/wp-includes/js/jquery/jquery.js,97184,8610f03fe77640dee8c4cc924e060f12
php,xmlrpc.php,/xmlrpc.php,838,76dfbeb36670e671c9eb1a462e473e7f
