php,index.php,/index.php,582,b660bb5ba05259fcad297d75cca16c2f
unknown,resources_719a450c7c5eda151fbee563b3f26f87b38bccbc7c6a6638c4a0e974684a571a,/,6372,c092702e216ae50e7c464c9d57a6c998
js,keepalive.js,/media/system/js/keepalive.js,462,5952c62bfa0a4f4e03ece5051c5a6938
css,template.css,/templates/protostar/css/template.css,163931,9d14c8b91faa2f192e0a74d3493b0a86
js,template.js,/templates/protostar/js/template.js,2020,a7d86d293a04101f1303f77c618f63cc
php,index.php,/index.php,6393,e2fa39efe44738a67d52b45737706adc
ico,favicon.ico,/templates/protostar/favicon.ico,2019,1194d7d32448e1f90741a97b42af91fa
unknown,resources_719a450c7c5eda151fbee563b3f26f87b38bccbc7c6a6638c4a0e974684a571a,/css,246,ab6092d17dee6068f8d7b6f332869039
js,jquery.min.js,/media/jui/js/jquery.min.js,97163,4f252523d4af0b478c810c2547a63e19
unknown,resources_719a450c7c5eda151fbee563b3f26f87b38bccbc7c6a6638c4a0e974684a571a,/,6372,334126f7b9da1f744c743efcc30de978
php,index.php,/index.php,607,82fca55bdc655950a8fd20ec033ebf33
js,core.js,/media/system/js/core.js,7698,964b91d692e4e1d7121090b3ef4fff80
js,caption.js,/media/system/js/caption.js,491,27e0e11b572de3bc44be960d25d65570
