ico,favicon.ico,/core/misc/favicon.ico,5430,cf2445dcb53a031c02f9b57e2199bc03
unknown,resources_e0af18ca0c45ff85a00abe39a9e3e968e7b2f3a29a849b4937db0749536b04ac,/,8625,9ab72483dc2f1295f87cf4534043f9f2
svg,logo.svg,/core/themes/bartik/logo.svg,3810,d6f7e63121cf4d076ec8a9782b77e4d4
css,css_Z5jMg7P_bjcW9iUzujI7oaechMyxQTUqZhHJ_aYSq04.css,/sites/default/files/css/css_Z5jMg7P_bjcW9iUzujI7oaechMyxQTUqZhHJ_aYSq04.css,509,969019288afc81908e3222f1811d6f0c
css,css_3V6J_r_PTht_o1AwEAK5H1GPwWEaEBu0a2228ToEXnc.css,/sites/default/files/css/css_3V6J_r_PTht_o1AwEAK5H1GPwWEaEBu0a2228ToEXnc.css,53996,37a7e3504f7004670855b6a8121196d0
unknown,resources_e0af18ca0c45ff85a00abe39a9e3e968e7b2f3a29a849b4937db0749536b04ac,/contact,12525,0f5e387a865a8298c8e42b2f84d4fa19
unknown,resources_e0af18ca0c45ff85a00abe39a9e3e968e7b2f3a29a849b4937db0749536b04ac,/,8625,9ab72483dc2f1295f87cf4534043f9f2
unknown,resources_e0af18ca0c45ff85a00abe39a9e3e968e7b2f3a29a849b4937db0749536b04ac,/,8625,9ab72483dc2f1295f87cf4534043f9f2
unknown,resources_e0af18ca0c45ff85a00abe39a9e3e968e7b2f3a29a849b4937db0749536b04ac,/,8625,9ab72483dc2f1295f87cf4534043f9f2
unknown,resources_e0af18ca0c45ff85a00abe39a9e3e968e7b2f3a29a849b4937db0749536b04ac,/,8625,9ab72483dc2f1295f87cf4534043f9f2
xml,rss.xml,/rss.xml,292,78bce84675824472b9022e3a00a8a34a
unknown,resources_e0af18ca0c45ff85a00abe39a9e3e968e7b2f3a29a849b4937db0749536b04ac,/,8625,9ab72483dc2f1295f87cf4534043f9f2
unknown,resources_e0af18ca0c45ff85a00abe39a9e3e968e7b2f3a29a849b4937db0749536b04ac,/,8625,9ab72483dc2f1295f87cf4534043f9f2
css,css_Tn5FqQpbAuJTlGtyYI4ci5-b8QvV3HAIFvr9X5y57nE.css,/sites/default/files/css/css_Tn5FqQpbAuJTlGtyYI4ci5-b8QvV3HAIFvr9X5y57nE.css,8989,5fabb28b0a04b273c86adfc7aa9ebbd5
unknown,resources_e0af18ca0c45ff85a00abe39a9e3e968e7b2f3a29a849b4937db0749536b04ac,/user/login,10930,62337c8ecb438e4da60d7478307cae43
unknown,resources_e0af18ca0c45ff85a00abe39a9e3e968e7b2f3a29a849b4937db0749536b04ac,/,8625,9ab72483dc2f1295f87cf4534043f9f2
