woff2,Metropolis-SemiBold.woff2,/core/themes/olivero/fonts/metropolis/Metropolis-SemiBold.woff2,26564,10f01a9f175be51d3ec7789947142cc3
xml,rss.xml,/rss.xml,292,7cc2ede71f40e8e6f8d8ec8894a8a4bc
woff2,Metropolis-Regular.woff2,/core/themes/olivero/fonts/metropolis/Metropolis-Regular.woff2,16388,4a405762789758475f736592772ebfd1
js,js_5RoIl1UGyduZ9F9FxiVZRROprn8Rg9zYlXNVO50L62s.js,/sites/default/files/js/js_5RoIl1UGyduZ9F9FxiVZRROprn8Rg9zYlXNVO50L62s.js,35457,84ab9a56a4cd3c7e613fc7999ee6a407
ico,favicon.ico,/core/themes/olivero/favicon.ico,4286,7cc554c336188af9c77e56e709a08f01
unknown,resources_92191573c4815421a3a8efd890eaefe9a2e82aa93f8a22799a4d502af1ef1d1f,/,16171,a6219681ad7e3fb38b795765bd80a290
css,css_gPYZsQaPE-kCIIJkBktDwAYYrIbHdaEGZLcGweNvZBI.css,/sites/default/files/css/css_gPYZsQaPE-kCIIJkBktDwAYYrIbHdaEGZLcGweNvZBI.css,126171,7a4dbd7ac52d3e31e885ec119c00353a
css,css_MT0D1GjOSbnKTUNXXsPJt0G9ZqK4uFyjcxH07I-DspQ.css,/sites/default/files/css/css_MT0D1GjOSbnKTUNXXsPJt0G9ZqK4uFyjcxH07I-DspQ.css,10989,df11c643780fb1ad6871a37390dbf4b1
unknown,resources_92191573c4815421a3a8efd890eaefe9a2e82aa93f8a22799a4d502af1ef1d1f,/,16171,a6219681ad7e3fb38b795765bd80a290
unknown,resources_92191573c4815421a3a8efd890eaefe9a2e82aa93f8a22799a4d502af1ef1d1f,/,164542,86eb02a285acac81ec79d40316f5e721
woff2,lora-v14-latin-regular.woff2,/core/themes/olivero/fonts/lora/lora-v14-latin-regular.woff2,24552,e4cdb14bf148f2846997a6be7ba648bd
css,nav-primary-no-js.css,/core/themes/olivero/css/components/navigation/nav-primary-no-js.css,5765,4ad41a2d8548ba1ec2a39af4b35571e9
xml,rss.xml,/rss.xml,292,7cc2ede71f40e8e6f8d8ec8894a8a4bc
woff2,Metropolis-Bold.woff2,/core/themes/olivero/fonts/metropolis/Metropolis-Bold.woff2,16728,6a80125e795aa81c6f251aa83e44062b
unknown,resources_92191573c4815421a3a8efd890eaefe9a2e82aa93f8a22799a4d502af1ef1d1f,/user/login,17455,4427fd815b0a7954364062b83fa0fc9a
