css,css_NxdiTg-nD52SF4K3ZaDi8HGjoPWlBBP00ZLH_rbS3U4.css,/sites/default/files/css/css_NxdiTg-nD52SF4K3ZaDi8HGjoPWlBBP00ZLH_rbS3U4.css,9246,1f0dc5ae541b158e9f9c7b562199d1b5
xml,rss.xml,/rss.xml,292,29a7ff13a66588db0ad4e944e908b117
js,js_cauydg9Tc3O-dRw-KgWnwDP4ilCQ0wUNkoH102Ub6Nw.js,/sites/default/files/js/js_cauydg9Tc3O-dRw-KgWnwDP4ilCQ0wUNkoH102Ub6Nw.js,35484,4b8dc9041b13753b5efa37b4be419d32
woff2,Metropolis-SemiBold.woff2,/core/themes/olivero/fonts/metropolis/Metropolis-SemiBold.woff2,26564,10f01a9f175be51d3ec7789947142cc3
woff2,Metropolis-Regular.woff2,/core/themes/olivero/fonts/metropolis/Metropolis-Regular.woff2,16388,4a405762789758475f736592772ebfd1
css,nav-primary-no-js.css,/core/themes/olivero/css/components/navigation/nav-primary-no-js.css,5305,f550f41b6bb4135809e715b83f59e0cf
unknown,resources_a2bd8b20d900370f177890cd6d8d60414f160feb9d77d1de2abb64267cc55f2a,/,15802,f417c6845c2efa00704820a40d3c2022
ico,favicon.ico,/core/themes/olivero/favicon.ico,4286,7cc554c336188af9c77e56e709a08f01
unknown,resources_a2bd8b20d900370f177890cd6d8d60414f160feb9d77d1de2abb64267cc55f2a,/,15802,f417c6845c2efa00704820a40d3c2022
unknown,resources_a2bd8b20d900370f177890cd6d8d60414f160feb9d77d1de2abb64267cc55f2a,/,164554,4e81dcc9d505d96a7ef4c5cef8c0b0f8
woff2,lora-v14-latin-regular.woff2,/core/themes/olivero/fonts/lora/lora-v14-latin-regular.woff2,24552,e4cdb14bf148f2846997a6be7ba648bd
css,css_VQEigtqWfMa8GddxwXPTNTGwO1-k6PKQ3PsDB0IeNFo.css,/sites/default/files/css/css_VQEigtqWfMa8GddxwXPTNTGwO1-k6PKQ3PsDB0IeNFo.css,125007,35e339fcee0d9ddb5efec5f40252312f
xml,rss.xml,/rss.xml,292,29a7ff13a66588db0ad4e944e908b117
woff2,Metropolis-Bold.woff2,/core/themes/olivero/fonts/metropolis/Metropolis-Bold.woff2,16728,6a80125e795aa81c6f251aa83e44062b
unknown,resources_a2bd8b20d900370f177890cd6d8d60414f160feb9d77d1de2abb64267cc55f2a,/user/login,17086,4be3c10a98f3914492c1dfbf771ea5c0
