xml,rss.xml,/rss.xml,292,25851e17bdddfc9668cf479dc73edecc
css,css_70mKtqoEtgu2aFmYyBb_z6csvj_UsphqGBx7hYoPpFg.css,/sites/default/files/css/css_70mKtqoEtgu2aFmYyBb_z6csvj_UsphqGBx7hYoPpFg.css,3416,69d66ca9ef560bd65f9058152cf5e00c
css,nav-primary-no-js.css,/core/themes/olivero/css/components/navigation/nav-primary-no-js.css,4094,a0fbd6a522df4e08c0c765f6aece733c
woff2,Metropolis-SemiBold.woff2,/core/themes/olivero/fonts/metropolis/Metropolis-SemiBold.woff2,26564,10f01a9f175be51d3ec7789947142cc3
woff2,Metropolis-Regular.woff2,/core/themes/olivero/fonts/metropolis/Metropolis-Regular.woff2,16388,4a405762789758475f736592772ebfd1
unknown,resources_89c8fb6175fac78770c9bcebb7564e8967b8feabf71632f7eacc38877021eab4,/,16459,5dbbb287e7e0c652037aea2380df698d
ico,favicon.ico,/core/themes/olivero/favicon.ico,4286,7cc554c336188af9c77e56e709a08f01
unknown,resources_89c8fb6175fac78770c9bcebb7564e8967b8feabf71632f7eacc38877021eab4,/,16459,5dbbb287e7e0c652037aea2380df698d
unknown,resources_89c8fb6175fac78770c9bcebb7564e8967b8feabf71632f7eacc38877021eab4,/,164453,76ee336c98ff20cf10c97c94a95b6724
css,css_PcZzI2cTHbQRHeb1A1bWWc3617hDkw9yXDOabkz5-AQ.css,/sites/default/files/css/css_PcZzI2cTHbQRHeb1A1bWWc3617hDkw9yXDOabkz5-AQ.css,89333,6f0270b2adce7fb59f0618944330c74d
woff2,lora-v14-latin-regular.woff2,/core/themes/olivero/fonts/lora/lora-v14-latin-regular.woff2,24552,e4cdb14bf148f2846997a6be7ba648bd
xml,rss.xml,/rss.xml,292,25851e17bdddfc9668cf479dc73edecc
woff2,Metropolis-Bold.woff2,/core/themes/olivero/fonts/metropolis/Metropolis-Bold.woff2,16728,6a80125e795aa81c6f251aa83e44062b
unknown,resources_89c8fb6175fac78770c9bcebb7564e8967b8feabf71632f7eacc38877021eab4,/user/login,17208,8eab5aaa059259df0bbf6d15a594fe0c
js,js_yNYbzWnnupH4cvzjF4_BY_8EtTv1XOmxQPvTIMA4IAQ.js,/sites/default/files/js/js_yNYbzWnnupH4cvzjF4_BY_8EtTv1XOmxQPvTIMA4IAQ.js,25424,01d3e70aa94c39dafd562813995fe401
